,pred_list,terms,count
0,"0,0,0,0,0,0,0,0,0,0,0,0,0,0,0,0,0,0,0,0,1,2,3,4,1,2,3,4,1,2,3,4,1,2,3,4,1,2,3,4,2,4,6,8,2,4,6,8,2,4,6,8,2,4,6,8,2,4,6,8,3,6,9,12,3,6,9,12,3,6,9,12,3,6,9,12,3,6,9,12,4,8,12,16,4,8,12,16,4,8,12,16,4,8,12,16,4,8,12,16","[CB,[B,mulnn,getStripe],[B,I,I]]",2193
1,"0,0,0,0,0,0,0,0,0,0,0,0,0,0,0,0,0,0,0,0,1,2,3,4,0,1,2,3,0,0,1,2,0,0,0,1,0,0,0,0,2,4,6,8,1,3,5,7,0,2,4,6,0,1,3,5,0,0,2,4,3,6,9,12,2,5,8,11,1,4,7,10,0,3,6,9,0,2,5,8,4,8,12,16,3,7,11,15,2,6,10,14,1,5,9,13,0,4,8,12","[SC,[BB,subnn,[CB,[B,mulnn,getStripe],[B,I,I]]],getDot]",939
2,"0,0,0,0,1,1,1,1,2,2,2,2,3,3,3,3,4,4,4,4,1,2,3,4,2,3,4,5,3,4,5,6,4,5,6,7,5,6,7,8,2,4,6,8,3,5,7,9,4,6,8,10,5,7,9,11,6,8,10,12,3,6,9,12,4,7,10,13,5,8,11,14,6,9,12,15,7,10,13,16,4,8,12,16,5,9,13,16,6,10,14,16,7,11,15,16,8,12,16,16","[SB,[B,addnn,getDot],[BC,[B,mulnn,[B,I,I]],getStripe]]",220
3,"3,3,3,3,2,2,2,2,1,1,1,1,0,0,0,0,0,0,0,0,3,3,3,3,2,2,2,2,1,1,1,1,0,0,0,0,0,0,0,0,3,3,3,3,2,2,2,2,1,1,1,1,0,0,0,0,0,0,0,0,3,3,3,3,2,2,2,2,1,1,1,1,0,0,0,0,0,0,0,0,3,3,3,3,2,2,2,2,1,1,1,1,0,0,0,0,0,0,0,0","[BK,[subnn,3],getDot]",5325
4,"1,2,3,4,0,1,2,3,0,0,1,2,0,0,0,1,0,0,0,0,1,2,3,4,0,1,2,3,0,0,1,2,0,0,0,1,0,0,0,0,1,2,3,4,0,1,2,3,0,0,1,2,0,0,0,1,0,0,0,0,1,2,3,4,0,1,2,3,0,0,1,2,0,0,0,1,0,0,0,0,1,2,3,4,0,1,2,3,0,0,1,2,0,0,0,1,0,0,0,0","[BC,[B,subnn,[B,I,I]],getDot]",487
5,"0,0,0,0,0,0,0,0,0,0,0,0,0,0,0,0,0,0,0,0,3,3,3,3,2,2,2,2,1,1,1,1,0,0,0,0,0,0,0,0,6,6,6,6,4,4,4,4,2,2,2,2,0,0,0,0,0,0,0,0,9,9,9,9,6,6,6,6,3,3,3,3,0,0,0,0,0,0,0,0,12,12,12,12,8,8,8,8,4,4,4,4,0,0,0,0,0,0,0,0","[SB,[B,mulnn,getStripe],[BK,[subnn,3],getDot]]",186
6,"0,0,0,0,0,0,0,0,0,0,0,0,0,0,0,0,0,0,0,0,1,2,3,4,0,1,2,3,0,0,1,2,0,0,0,1,0,0,0,0,2,4,6,8,0,2,4,6,0,0,2,4,0,0,0,2,0,0,0,0,3,6,9,12,0,3,6,9,0,0,3,6,0,0,0,3,0,0,0,0,4,8,12,16,0,4,8,12,0,0,4,8,0,0,0,4,0,0,0,0","[SB,[B,mulnn,getStripe],[BC,[B,subnn,[B,I,I]],getDot]]",53
7,"0,0,0,0,0,0,0,0,0,0,0,0,0,0,0,0,0,0,0,0,3,3,3,3,2,2,2,2,1,1,1,1,0,0,0,0,0,0,0,0,12,12,12,12,8,8,8,8,4,4,4,4,0,0,0,0,0,0,0,0,16,16,16,16,16,16,16,16,9,9,9,9,0,0,0,0,0,0,0,0,16,16,16,16,16,16,16,16,16,16,16,16,0,0,0,0,0,0,0,0","[SS,[BB,mulnn,[SK,[B,mulnn,getStripe],getStripe]],[BK,[subnn,3],getDot]]",5
8,"3,4,5,6,3,4,5,6,3,4,5,6,3,4,5,6,3,4,5,6,3,4,5,6,3,4,5,6,3,4,5,6,3,4,5,6,3,4,5,6,3,4,5,6,3,4,5,6,3,4,5,6,3,4,5,6,3,4,5,6,3,4,5,6,3,4,5,6,3,4,5,6,3,4,5,6,3,4,5,6,3,4,5,6,3,4,5,6,3,4,5,6,3,4,5,6,3,4,5,6","[KB,[addnn,2],[B,I,I]]",734
9,"3,3,3,3,3,3,3,3,3,3,3,3,3,3,3,3,3,3,3,3,3,3,3,3,3,3,3,3,3,3,3,3,3,3,3,3,3,3,3,3,3,3,3,3,3,3,3,3,3,3,3,3,3,3,3,3,3,3,3,3,3,3,3,3,3,3,3,3,3,3,3,3,3,3,3,3,3,3,3,3,3,3,3,3,3,3,3,3,3,3,3,3,3,3,3,3,3,3,3,3","[KK,[subnn,3],0]",3788
10,"2,2,2,2,2,2,2,2,2,2,2,2,2,2,2,2,2,2,2,2,3,3,3,3,3,3,3,3,3,3,3,3,3,3,3,3,3,3,3,3,4,4,4,4,4,4,4,4,4,4,4,4,4,4,4,4,4,4,4,4,5,5,5,5,5,5,5,5,5,5,5,5,5,5,5,5,5,5,5,5,6,6,6,6,6,6,6,6,6,6,6,6,6,6,6,6,6,6,6,6","[BK,[addnn,2],getStripe]",826
11,"3,3,3,3,4,4,4,4,5,5,5,5,6,6,6,6,7,7,7,7,3,3,3,3,4,4,4,4,5,5,5,5,6,6,6,6,7,7,7,7,3,3,3,3,4,4,4,4,5,5,5,5,6,6,6,6,7,7,7,7,3,3,3,3,4,4,4,4,5,5,5,5,6,6,6,6,7,7,7,7,3,3,3,3,4,4,4,4,5,5,5,5,6,6,6,6,7,7,7,7","[BK,[addnn,3],getDot]",778
12,"3,4,5,6,2,3,4,5,1,2,3,4,0,1,2,3,0,0,1,2,3,4,5,6,2,3,4,5,1,2,3,4,0,1,2,3,0,0,1,2,3,4,5,6,2,3,4,5,1,2,3,4,0,1,2,3,0,0,1,2,3,4,5,6,2,3,4,5,1,2,3,4,0,1,2,3,0,0,1,2,3,4,5,6,2,3,4,5,1,2,3,4,0,1,2,3,0,0,1,2","[SC,[BB,subnn,[KB,[addnn,2],[B,I,I]]],getDot]",9
13,"2,2,2,2,1,1,1,1,0,0,0,0,0,0,0,0,0,0,0,0,3,3,3,3,2,2,2,2,1,1,1,1,0,0,0,0,0,0,0,0,4,4,4,4,3,3,3,3,2,2,2,2,1,1,1,1,0,0,0,0,5,5,5,5,4,4,4,4,3,3,3,3,2,2,2,2,1,1,1,1,6,6,6,6,5,5,5,5,4,4,4,4,3,3,3,3,2,2,2,2","[BB,[addnn,2],[SK,[B,subnn,getStripe],getDot]]",72
14,"3,3,3,3,1,1,1,1,0,0,0,0,0,0,0,0,0,0,0,0,3,3,3,3,1,1,1,1,0,0,0,0,0,0,0,0,0,0,0,0,3,3,3,3,1,1,1,1,0,0,0,0,0,0,0,0,0,0,0,0,3,3,3,3,1,1,1,1,0,0,0,0,0,0,0,0,0,0,0,0,3,3,3,3,1,1,1,1,0,0,0,0,0,0,0,0,0,0,0,0","[SC,[BB,subnn,[BK,[subnn,3],getDot]],getDot]",15
15,"2,2,2,2,3,3,3,3,4,4,4,4,5,5,5,5,6,6,6,6,3,3,3,3,4,4,4,4,5,5,5,5,6,6,6,6,7,7,7,7,4,4,4,4,5,5,5,5,6,6,6,6,7,7,7,7,8,8,8,8,5,5,5,5,6,6,6,6,7,7,7,7,8,8,8,8,9,9,9,9,6,6,6,6,7,7,7,7,8,8,8,8,9,9,9,9,10,10,10,10","[SB,[B,addnn,getDot],[BK,[addnn,2],getStripe]]",52
16,"3,3,3,3,5,5,5,5,7,7,7,7,9,9,9,9,11,11,11,11,3,3,3,3,5,5,5,5,7,7,7,7,9,9,9,9,11,11,11,11,3,3,3,3,5,5,5,5,7,7,7,7,9,9,9,9,11,11,11,11,3,3,3,3,5,5,5,5,7,7,7,7,9,9,9,9,11,11,11,11,3,3,3,3,5,5,5,5,7,7,7,7,9,9,9,9,11,11,11,11","[SB,[B,addnn,getDot],[BK,[addnn,3],getDot]]",35
17,"3,4,5,6,4,5,6,7,5,6,7,8,6,7,8,9,7,8,9,10,3,4,5,6,4,5,6,7,5,6,7,8,6,7,8,9,7,8,9,10,3,4,5,6,4,5,6,7,5,6,7,8,6,7,8,9,7,8,9,10,3,4,5,6,4,5,6,7,5,6,7,8,6,7,8,9,7,8,9,10,3,4,5,6,4,5,6,7,5,6,7,8,6,7,8,9,7,8,9,10","[SB,[B,addnn,getDot],[KB,[addnn,2],[B,I,I]]]",7
18,"0,0,0,0,0,0,0,0,0,0,0,0,0,0,0,0,0,0,0,0,1,1,1,1,1,1,1,1,1,1,1,1,1,1,1,1,1,1,1,1,4,4,4,4,4,4,4,4,4,4,4,4,4,4,4,4,4,4,4,4,9,9,9,9,9,9,9,9,9,9,9,9,9,9,9,9,9,9,9,9,16,16,16,16,16,16,16,16,16,16,16,16,16,16,16,16,16,16,16,16","[SK,[B,mulnn,getStripe],getStripe]",366
19,"0,0,0,0,0,0,0,0,0,0,0,0,0,0,0,0,0,0,0,0,0,0,0,0,0,0,0,0,0,0,0,0,0,0,0,0,0,0,0,0,0,0,0,0,0,0,0,0,0,0,0,0,0,0,0,0,0,0,0,0,0,0,0,0,0,0,0,0,0,0,0,0,0,0,0,0,0,0,0,0,0,0,0,0,0,0,0,0,0,0,0,0,0,0,0,0,0,0,0,0","[KK,[mulnn,0],0]",7370
20,"1,1,1,1,1,1,1,1,1,1,1,1,1,1,1,1,1,1,1,1,1,1,1,1,1,1,1,1,1,1,1,1,1,1,1,1,1,1,1,1,1,1,1,1,1,1,1,1,1,1,1,1,1,1,1,1,1,1,1,1,1,1,1,1,1,1,1,1,1,1,1,1,1,1,1,1,1,1,1,1,1,1,1,1,1,1,1,1,1,1,1,1,1,1,1,1,1,1,1,1","[KK,[mulnn,1],1]",2445
21,"2,2,2,2,2,2,2,2,2,2,2,2,2,2,2,2,2,2,2,2,2,2,2,2,2,2,2,2,2,2,2,2,2,2,2,2,2,2,2,2,2,2,2,2,2,2,2,2,2,2,2,2,2,2,2,2,2,2,2,2,2,2,2,2,2,2,2,2,2,2,2,2,2,2,2,2,2,2,2,2,2,2,2,2,2,2,2,2,2,2,2,2,2,2,2,2,2,2,2,2","[KK,[mulnn,1],2]",4417
22,"0,0,0,0,2,2,2,2,4,4,4,4,6,6,6,6,8,8,8,8,0,0,0,0,2,2,2,2,4,4,4,4,6,6,6,6,8,8,8,8,0,0,0,0,2,2,2,2,4,4,4,4,6,6,6,6,8,8,8,8,0,0,0,0,2,2,2,2,4,4,4,4,6,6,6,6,8,8,8,8,0,0,0,0,2,2,2,2,4,4,4,4,6,6,6,6,8,8,8,8","[BK,[mulnn,2],getDot]",524
23,"0,0,0,0,0,0,0,0,0,0,0,0,0,0,0,0,0,0,0,0,1,1,1,1,1,1,1,1,1,1,1,1,1,1,1,1,1,1,1,1,2,2,2,2,2,2,2,2,2,2,2,2,2,2,2,2,2,2,2,2,3,3,3,3,3,3,3,3,3,3,3,3,3,3,3,3,3,3,3,3,4,4,4,4,4,4,4,4,4,4,4,4,4,4,4,4,4,4,4,4","[BK,getStripe,I]",3036
24,"0,0,0,0,0,0,0,0,0,0,0,0,0,0,0,0,0,0,0,0,2,2,2,2,2,2,2,2,2,2,2,2,2,2,2,2,2,2,2,2,4,4,4,4,4,4,4,4,4,4,4,4,4,4,4,4,4,4,4,4,6,6,6,6,6,6,6,6,6,6,6,6,6,6,6,6,6,6,6,6,8,8,8,8,8,8,8,8,8,8,8,8,8,8,8,8,8,8,8,8","[BK,[mulnn,2],getStripe]",1020
25,"0,0,0,0,0,0,0,0,1,0,0,0,2,1,0,0,3,2,1,0,0,0,0,0,0,0,0,0,1,0,0,0,2,1,0,0,3,2,1,0,0,0,0,0,0,0,0,0,1,0,0,0,2,1,0,0,3,2,1,0,0,0,0,0,0,0,0,0,1,0,0,0,2,1,0,0,3,2,1,0,0,0,0,0,0,0,0,0,1,0,0,0,2,1,0,0,3,2,1,0","[CB,[B,subnn,getDot],[B,I,I]]",161
26,"6,6,6,6,4,4,4,4,2,2,2,2,0,0,0,0,0,0,0,0,6,6,6,6,4,4,4,4,2,2,2,2,0,0,0,0,0,0,0,0,6,6,6,6,4,4,4,4,2,2,2,2,0,0,0,0,0,0,0,0,6,6,6,6,4,4,4,4,2,2,2,2,0,0,0,0,0,0,0,0,6,6,6,6,4,4,4,4,2,2,2,2,0,0,0,0,0,0,0,0","[BB,[mulnn,2],[BK,[subnn,3],getDot]]",201
27,"9,9,9,9,6,6,6,6,3,3,3,3,0,0,0,0,0,0,0,0,9,9,9,9,6,6,6,6,3,3,3,3,0,0,0,0,0,0,0,0,9,9,9,9,6,6,6,6,3,3,3,3,0,0,0,0,0,0,0,0,9,9,9,9,6,6,6,6,3,3,3,3,0,0,0,0,0,0,0,0,9,9,9,9,6,6,6,6,3,3,3,3,0,0,0,0,0,0,0,0","[BB,[mulnn,3],[BK,[subnn,3],getDot]]",219
28,"12,12,12,12,8,8,8,8,4,4,4,4,0,0,0,0,0,0,0,0,12,12,12,12,8,8,8,8,4,4,4,4,0,0,0,0,0,0,0,0,12,12,12,12,8,8,8,8,4,4,4,4,0,0,0,0,0,0,0,0,12,12,12,12,8,8,8,8,4,4,4,4,0,0,0,0,0,0,0,0,12,12,12,12,8,8,8,8,4,4,4,4,0,0,0,0,0,0,0,0","[BB,[mulnn,4],[BK,[subnn,3],getDot]]",155
29,"0,0,0,0,2,2,2,2,2,2,2,2,0,0,0,0,0,0,0,0,0,0,0,0,2,2,2,2,2,2,2,2,0,0,0,0,0,0,0,0,0,0,0,0,2,2,2,2,2,2,2,2,0,0,0,0,0,0,0,0,0,0,0,0,2,2,2,2,2,2,2,2,0,0,0,0,0,0,0,0,0,0,0,0,2,2,2,2,2,2,2,2,0,0,0,0,0,0,0,0","[SB,[B,mulnn,getDot],[BK,[subnn,3],getDot]]",62
30,"0,0,0,0,0,0,0,0,0,0,0,0,0,0,0,0,1,1,1,1,0,0,0,0,0,0,0,0,0,0,0,0,0,0,0,0,1,1,1,1,0,0,0,0,0,0,0,0,0,0,0,0,0,0,0,0,1,1,1,1,0,0,0,0,0,0,0,0,0,0,0,0,0,0,0,0,1,1,1,1,0,0,0,0,0,0,0,0,0,0,0,0,0,0,0,0,1,1,1,1","[CK,[B,subnn,getDot],3]",311
31,"0,0,0,0,0,0,0,0,1,1,1,1,2,2,2,2,3,3,3,3,0,0,0,0,0,0,0,0,1,1,1,1,2,2,2,2,3,3,3,3,0,0,0,0,0,0,0,0,1,1,1,1,2,2,2,2,3,3,3,3,0,0,0,0,0,0,0,0,1,1,1,1,2,2,2,2,3,3,3,3,0,0,0,0,0,0,0,0,1,1,1,1,2,2,2,2,3,3,3,3","[CK,[B,subnn,getDot],1]",229
32,"2,1,0,0,2,1,0,0,2,1,0,0,2,1,0,0,2,1,0,0,2,1,0,0,2,1,0,0,2,1,0,0,2,1,0,0,2,1,0,0,2,1,0,0,2,1,0,0,2,1,0,0,2,1,0,0,2,1,0,0,2,1,0,0,2,1,0,0,2,1,0,0,2,1,0,0,2,1,0,0,2,1,0,0,2,1,0,0,2,1,0,0,2,1,0,0,2,1,0,0","[KB,[subnn,3],[B,I,I]]",642
33,"1,1,1,1,1,1,1,1,1,1,1,1,1,1,1,1,1,1,1,1,0,0,0,0,0,0,0,0,0,0,0,0,0,0,0,0,0,0,0,0,0,0,0,0,0,0,0,0,0,0,0,0,0,0,0,0,0,0,0,0,0,0,0,0,0,0,0,0,0,0,0,0,0,0,0,0,0,0,0,0,0,0,0,0,0,0,0,0,0,0,0,0,0,0,0,0,0,0,0,0","[BK,[subnn,1],getStripe]",582
34,"3,2,1,0,3,2,1,0,3,2,1,0,3,2,1,0,3,2,1,0,3,2,1,0,3,2,1,0,3,2,1,0,3,2,1,0,3,2,1,0,3,2,1,0,3,2,1,0,3,2,1,0,3,2,1,0,3,2,1,0,3,2,1,0,3,2,1,0,3,2,1,0,3,2,1,0,3,2,1,0,3,2,1,0,3,2,1,0,3,2,1,0,3,2,1,0,3,2,1,0","[KB,[subnn,4],[B,I,I]]",706
35,"1,1,1,1,2,2,2,2,3,3,3,3,4,4,4,4,5,5,5,5,1,1,1,1,2,2,2,2,3,3,3,3,4,4,4,4,5,5,5,5,1,1,1,1,2,2,2,2,3,3,3,3,4,4,4,4,5,5,5,5,1,1,1,1,2,2,2,2,3,3,3,3,4,4,4,4,5,5,5,5,1,1,1,1,2,2,2,2,3,3,3,3,4,4,4,4,5,5,5,5","[BK,[addnn,1],getDot]",582
36,"2,2,2,2,2,2,2,2,2,2,2,2,2,2,2,2,2,2,2,2,1,1,1,1,1,1,1,1,1,1,1,1,1,1,1,1,1,1,1,1,0,0,0,0,0,0,0,0,0,0,0,0,0,0,0,0,0,0,0,0,0,0,0,0,0,0,0,0,0,0,0,0,0,0,0,0,0,0,0,0,0,0,0,0,0,0,0,0,0,0,0,0,0,0,0,0,0,0,0,0","[BK,[subnn,2],getStripe]",453
37,"3,6,9,12,2,4,6,8,1,2,3,4,0,0,0,0,0,0,0,0,3,6,9,12,2,4,6,8,1,2,3,4,0,0,0,0,0,0,0,0,3,6,9,12,2,4,6,8,1,2,3,4,0,0,0,0,0,0,0,0,3,6,9,12,2,4,6,8,1,2,3,4,0,0,0,0,0,0,0,0,3,6,9,12,2,4,6,8,1,2,3,4,0,0,0,0,0,0,0,0","[BS,[B,mulnn,[B,I,I]],[BK,[subnn,3],getDot]]",730
38,"0,0,0,0,1,1,1,1,2,2,2,2,3,3,3,3,4,4,4,4,0,0,0,0,0,0,0,0,1,1,1,1,2,2,2,2,3,3,3,3,0,0,0,0,0,0,0,0,0,0,0,0,1,1,1,1,2,2,2,2,0,0,0,0,0,0,0,0,0,0,0,0,0,0,0,0,1,1,1,1,0,0,0,0,0,0,0,0,0,0,0,0,0,0,0,0,0,0,0,0","[SK,[B,subnn,getDot],getStripe]",104
39,"3,3,3,3,3,3,3,3,3,3,3,3,3,3,3,3,3,3,3,3,2,2,2,2,2,2,2,2,2,2,2,2,2,2,2,2,2,2,2,2,1,1,1,1,1,1,1,1,1,1,1,1,1,1,1,1,1,1,1,1,0,0,0,0,0,0,0,0,0,0,0,0,0,0,0,0,0,0,0,0,0,0,0,0,0,0,0,0,0,0,0,0,0,0,0,0,0,0,0,0","[BK,[subnn,3],getStripe]",383
40,"1,1,1,1,1,1,1,1,1,1,1,1,1,1,1,1,1,1,1,1,2,2,2,2,2,2,2,2,2,2,2,2,2,2,2,2,2,2,2,2,3,3,3,3,3,3,3,3,3,3,3,3,3,3,3,3,3,3,3,3,4,4,4,4,4,4,4,4,4,4,4,4,4,4,4,4,4,4,4,4,5,5,5,5,5,5,5,5,5,5,5,5,5,5,5,5,5,5,5,5","[BK,[addnn,1],getStripe]",466
41,"0,1,2,3,0,1,2,3,0,1,2,3,0,1,2,3,0,1,2,3,0,1,2,3,0,1,2,3,0,1,2,3,0,1,2,3,0,1,2,3,0,1,2,3,0,1,2,3,0,1,2,3,0,1,2,3,0,1,2,3,0,1,2,3,0,1,2,3,0,1,2,3,0,1,2,3,0,1,2,3,0,1,2,3,0,1,2,3,0,1,2,3,0,1,2,3,0,1,2,3","[KC,[B,subnn,[B,I,I]],1]",109
42,"0,0,1,2,0,0,1,2,0,0,1,2,0,0,1,2,0,0,1,2,0,0,1,2,0,0,1,2,0,0,1,2,0,0,1,2,0,0,1,2,0,0,1,2,0,0,1,2,0,0,1,2,0,0,1,2,0,0,1,2,0,0,1,2,0,0,1,2,0,0,1,2,0,0,1,2,0,0,1,2,0,0,1,2,0,0,1,2,0,0,1,2,0,0,1,2,0,0,1,2","[KC,[B,subnn,[B,I,I]],2]",85
43,"0,0,0,1,0,0,0,1,0,0,0,1,0,0,0,1,0,0,0,1,0,0,0,1,0,0,0,1,0,0,0,1,0,0,0,1,0,0,0,1,0,0,0,1,0,0,0,1,0,0,0,1,0,0,0,1,0,0,0,1,0,0,0,1,0,0,0,1,0,0,0,1,0,0,0,1,0,0,0,1,0,0,0,1,0,0,0,1,0,0,0,1,0,0,0,1,0,0,0,1","[KC,[B,subnn,[B,I,I]],3]",206
44,"0,0,0,0,1,1,1,1,2,2,2,2,3,3,3,3,4,4,4,4,1,1,1,1,2,2,2,2,3,3,3,3,4,4,4,4,5,5,5,5,2,2,2,2,3,3,3,3,4,4,4,4,5,5,5,5,6,6,6,6,3,3,3,3,4,4,4,4,5,5,5,5,6,6,6,6,7,7,7,7,4,4,4,4,5,5,5,5,6,6,6,6,7,7,7,7,8,8,8,8","[SK,[B,addnn,getDot],getStripe]",330
45,"0,0,0,0,0,0,0,0,0,0,0,0,0,0,0,0,0,0,0,0,0,0,0,0,0,0,0,0,0,0,0,0,0,0,0,0,0,0,0,0,1,1,1,1,1,1,1,1,1,1,1,1,1,1,1,1,1,1,1,1,2,2,2,2,2,2,2,2,2,2,2,2,2,2,2,2,2,2,2,2,3,3,3,3,3,3,3,3,3,3,3,3,3,3,3,3,3,3,3,3","[CK,[B,subnn,getStripe],1]",202
46,"1,2,3,4,1,2,3,4,1,2,3,4,1,2,3,4,1,2,3,4,0,1,2,3,0,1,2,3,0,1,2,3,0,1,2,3,0,1,2,3,0,0,1,2,0,0,1,2,0,0,1,2,0,0,1,2,0,0,1,2,0,0,0,1,0,0,0,1,0,0,0,1,0,0,0,1,0,0,0,1,0,0,0,0,0,0,0,0,0,0,0,0,0,0,0,0,0,0,0,0","[BC,[B,subnn,[B,I,I]],getStripe]",115
47,"0,0,1,2,0,0,1,2,0,0,1,2,0,0,1,2,0,0,1,2,0,0,0,1,0,0,0,1,0,0,0,1,0,0,0,1,0,0,0,1,0,0,0,0,0,0,0,0,0,0,0,0,0,0,0,0,0,0,0,0,0,0,0,0,0,0,0,0,0,0,0,0,0,0,0,0,0,0,0,0,0,0,0,0,0,0,0,0,0,0,0,0,0,0,0,0,0,0,0,0","[BS,[B,subnn,[B,I,I]],[BK,[addnn,2],getStripe]]",27
48,"0,0,0,0,0,0,0,0,0,0,0,0,0,0,0,0,0,0,0,0,0,0,0,0,0,0,0,0,0,0,0,0,0,0,0,0,0,0,0,0,2,2,2,2,2,2,2,2,2,2,2,2,2,2,2,2,2,2,2,2,4,4,4,4,4,4,4,4,4,4,4,4,4,4,4,4,4,4,4,4,6,6,6,6,6,6,6,6,6,6,6,6,6,6,6,6,6,6,6,6","[BB,[mulnn,2],[CK,[B,subnn,getStripe],1]]",14
49,"0,0,0,0,0,0,0,0,0,0,0,0,0,0,0,0,0,0,0,0,0,0,0,0,0,0,0,0,0,0,0,0,0,0,0,0,0,0,0,0,3,3,3,3,3,3,3,3,3,3,3,3,3,3,3,3,3,3,3,3,6,6,6,6,6,6,6,6,6,6,6,6,6,6,6,6,6,6,6,6,9,9,9,9,9,9,9,9,9,9,9,9,9,9,9,9,9,9,9,9","[BB,[mulnn,3],[CK,[B,subnn,getStripe],1]]",4
50,"0,0,0,0,0,0,0,0,0,0,0,0,0,0,0,0,0,0,0,0,0,0,0,0,0,0,0,0,0,0,0,0,0,0,0,0,0,0,0,0,4,4,4,4,4,4,4,4,4,4,4,4,4,4,4,4,4,4,4,4,8,8,8,8,8,8,8,8,8,8,8,8,8,8,8,8,8,8,8,8,12,12,12,12,12,12,12,12,12,12,12,12,12,12,12,12,12,12,12,12","[BB,[mulnn,4],[CK,[B,subnn,getStripe],1]]",4
51,"0,0,0,0,0,0,0,0,1,1,1,1,3,3,3,3,5,5,5,5,0,0,0,0,0,0,0,0,1,1,1,1,3,3,3,3,5,5,5,5,0,0,0,0,0,0,0,0,1,1,1,1,3,3,3,3,5,5,5,5,0,0,0,0,0,0,0,0,1,1,1,1,3,3,3,3,5,5,5,5,0,0,0,0,0,0,0,0,1,1,1,1,3,3,3,3,5,5,5,5","[CC,[BB,subnn,[SK,[K,mulnn,2],getDot]],3]",49
52,"0,0,0,0,1,1,1,1,2,2,2,2,3,3,3,3,4,4,4,4,0,0,0,0,0,0,0,0,1,0,0,0,2,1,0,0,3,2,1,0,0,0,0,0,0,0,0,0,0,0,0,0,1,0,0,0,2,0,0,0,0,0,0,0,0,0,0,0,0,0,0,0,0,0,0,0,1,0,0,0,0,0,0,0,0,0,0,0,0,0,0,0,0,0,0,0,0,0,0,0","[SB,[B,subnn,getDot],[CB,[B,mulnn,getStripe],[B,I,I]]]",14
53,"0,0,0,0,0,0,0,0,0,0,0,0,1,1,1,1,2,2,2,2,0,0,0,0,0,0,0,0,0,0,0,0,0,0,0,0,1,1,1,1,0,0,0,0,0,0,0,0,0,0,0,0,0,0,0,0,0,0,0,0,0,0,0,0,0,0,0,0,0,0,0,0,0,0,0,0,0,0,0,0,0,0,0,0,0,0,0,0,0,0,0,0,0,0,0,0,0,0,0,0","[SB,[B,subnn,getDot],[BK,[addnn,2],getStripe]]",26
54,"3,3,3,3,3,3,3,3,3,3,3,3,3,3,3,3,3,3,3,3,2,1,0,0,2,1,0,0,2,1,0,0,2,1,0,0,2,1,0,0,1,0,0,0,1,0,0,0,1,0,0,0,1,0,0,0,1,0,0,0,0,0,0,0,0,0,0,0,0,0,0,0,0,0,0,0,0,0,0,0,0,0,0,0,0,0,0,0,0,0,0,0,0,0,0,0,0,0,0,0","[BB,[subnn,3],[CB,[B,mulnn,getStripe],[B,I,I]]]",54
55,"4,4,4,4,4,4,4,4,4,4,4,4,4,4,4,4,4,4,4,4,3,2,1,0,3,2,1,0,3,2,1,0,3,2,1,0,3,2,1,0,2,0,0,0,2,0,0,0,2,0,0,0,2,0,0,0,2,0,0,0,1,0,0,0,1,0,0,0,1,0,0,0,1,0,0,0,1,0,0,0,0,0,0,0,0,0,0,0,0,0,0,0,0,0,0,0,0,0,0,0","[BB,[subnn,4],[CB,[B,mulnn,getStripe],[B,I,I]]]",52
56,"0,0,0,1,0,0,0,1,0,0,0,1,0,0,0,1,0,0,0,1,0,0,1,2,0,0,1,2,0,0,1,2,0,0,1,2,0,0,1,2,0,1,2,3,0,1,2,3,0,1,2,3,0,1,2,3,0,1,2,3,1,2,3,4,1,2,3,4,1,2,3,4,1,2,3,4,1,2,3,4,2,3,4,5,2,3,4,5,2,3,4,5,2,3,4,5,2,3,4,5","[SS,[KB,subnn,[B,I,I]],[BK,[subnn,3],getStripe]]",2
57,"9,9,9,9,4,4,4,4,1,1,1,1,0,0,0,0,1,1,1,1,9,9,9,9,4,4,4,4,1,1,1,1,0,0,0,0,1,1,1,1,9,9,9,9,4,4,4,4,1,1,1,1,0,0,0,0,1,1,1,1,9,9,9,9,4,4,4,4,1,1,1,1,0,0,0,0,1,1,1,1,9,9,9,9,4,4,4,4,1,1,1,1,0,0,0,0,1,1,1,1","[SS,[BB,mulnn,[BK,[subnn,3],getDot]],[BK,[subnn,3],getDot]]",28
58,"9,9,9,9,6,6,6,6,3,3,3,3,0,0,0,0,0,0,0,0,6,6,6,6,4,4,4,4,2,2,2,2,0,0,0,0,0,0,0,0,3,3,3,3,2,2,2,2,1,1,1,1,0,0,0,0,0,0,0,0,0,0,0,0,0,0,0,0,0,0,0,0,0,0,0,0,0,0,0,0,0,0,0,0,0,0,0,0,0,0,0,0,0,0,0,0,1,1,1,1","[SS,[BB,mulnn,[BK,[subnn,3],getDot]],[BK,[subnn,3],getStripe]]",4
59,"9,9,9,9,8,8,8,8,5,5,5,5,0,0,0,0,0,0,0,0,9,9,9,9,8,8,8,8,5,5,5,5,0,0,0,0,0,0,0,0,9,9,9,9,8,8,8,8,5,5,5,5,0,0,0,0,0,0,0,0,9,9,9,9,8,8,8,8,5,5,5,5,0,0,0,0,0,0,0,0,9,9,9,9,8,8,8,8,5,5,5,5,0,0,0,0,0,0,0,0","[SS,[BB,mulnn,[BK,[addnn,3],getDot]],[BK,[subnn,3],getDot]]",18
60,"0,0,0,0,0,0,0,0,0,0,0,0,0,0,0,0,0,0,0,0,3,6,9,12,2,4,6,8,1,2,3,4,0,0,0,0,0,0,0,0,6,12,16,16,4,8,12,16,2,4,6,8,0,0,0,0,0,0,0,0,9,16,16,16,6,12,16,16,3,6,9,12,0,0,0,0,0,0,0,0,12,16,16,16,8,16,16,16,4,8,12,16,0,0,0,0,0,0,0,0","[SS,[BB,mulnn,[CB,[B,mulnn,getStripe],[B,I,I]]],[BK,[subnn,3],getDot]]",20
61,"2,2,2,2,2,2,2,2,2,2,2,2,2,2,2,2,2,2,2,2,0,0,0,0,0,0,0,0,0,0,0,0,0,0,0,0,0,0,0,0,0,0,0,0,0,0,0,0,0,0,0,0,0,0,0,0,0,0,0,0,0,0,0,0,0,0,0,0,0,0,0,0,0,0,0,0,0,0,0,0,0,0,0,0,0,0,0,0,0,0,0,0,0,0,0,0,0,0,0,0","[BB,[subnn,2],[BK,[mulnn,2],getStripe]]",22
62,"3,3,3,3,3,3,3,3,3,3,3,3,3,3,3,3,3,3,3,3,1,1,1,1,1,1,1,1,1,1,1,1,1,1,1,1,1,1,1,1,0,0,0,0,0,0,0,0,0,0,0,0,0,0,0,0,0,0,0,0,0,0,0,0,0,0,0,0,0,0,0,0,0,0,0,0,0,0,0,0,0,0,0,0,0,0,0,0,0,0,0,0,0,0,0,0,0,0,0,0","[BB,[subnn,3],[BK,[mulnn,2],getStripe]]",18
63,"4,4,4,4,4,4,4,4,4,4,4,4,4,4,4,4,4,4,4,4,2,2,2,2,2,2,2,2,2,2,2,2,2,2,2,2,2,2,2,2,0,0,0,0,0,0,0,0,0,0,0,0,0,0,0,0,0,0,0,0,0,0,0,0,0,0,0,0,0,0,0,0,0,0,0,0,0,0,0,0,0,0,0,0,0,0,0,0,0,0,0,0,0,0,0,0,0,0,0,0","[BB,[subnn,4],[BK,[mulnn,2],getStripe]]",22
64,"0,0,0,0,0,0,0,0,0,0,0,0,0,0,0,0,0,0,0,0,1,1,1,1,1,1,1,1,1,1,1,1,1,1,1,1,1,1,1,1,3,3,3,3,3,3,3,3,3,3,3,3,3,3,3,3,3,3,3,3,5,5,5,5,5,5,5,5,5,5,5,5,5,5,5,5,5,5,5,5,7,7,7,7,7,7,7,7,7,7,7,7,7,7,7,7,7,7,7,7","[CC,[BB,subnn,[BK,[mulnn,2],getStripe]],1]",7
65,"0,0,0,0,0,0,0,0,0,0,0,0,0,0,0,0,0,0,0,0,0,0,0,0,2,2,2,2,4,4,4,4,6,6,6,6,8,8,8,8,0,0,0,0,4,4,4,4,8,8,8,8,12,12,12,12,16,16,16,16,0,0,0,0,6,6,6,6,12,12,12,12,16,16,16,16,16,16,16,16,0,0,0,0,8,8,8,8,16,16,16,16,16,16,16,16,16,16,16,16","[SB,[B,mulnn,getDot],[BK,[mulnn,2],getStripe]]",12
66,"0,0,0,0,0,0,0,0,0,0,0,0,0,0,0,0,0,0,0,0,2,2,2,2,2,2,2,2,2,2,2,2,2,2,2,2,2,2,2,2,8,8,8,8,8,8,8,8,8,8,8,8,8,8,8,8,8,8,8,8,16,16,16,16,16,16,16,16,16,16,16,16,16,16,16,16,16,16,16,16,16,16,16,16,16,16,16,16,16,16,16,16,16,16,16,16,16,16,16,16","[BB,[mulnn,2],[SK,[B,mulnn,getStripe],getStripe]]",32
67,"0,0,0,0,0,0,0,0,0,0,0,0,0,0,0,0,0,0,0,0,0,1,2,3,0,1,2,3,0,1,2,3,0,1,2,3,0,1,2,3,0,2,4,6,0,2,4,6,0,2,4,6,0,2,4,6,0,2,4,6,0,3,6,9,0,3,6,9,0,3,6,9,0,3,6,9,0,3,6,9,0,4,8,12,0,4,8,12,0,4,8,12,0,4,8,12,0,4,8,12","[SC,[BB,subnn,[BC,[B,mulnn,[B,I,I]],getStripe]],getStripe]",7
68,"0,0,0,0,0,0,0,0,0,0,0,0,0,0,0,0,0,0,0,0,0,0,0,0,0,0,0,0,0,0,0,0,0,0,0,0,0,0,0,0,1,2,3,4,1,2,3,4,1,2,3,4,1,2,3,4,1,2,3,4,2,4,6,8,2,4,6,8,2,4,6,8,2,4,6,8,2,4,6,8,3,6,9,12,3,6,9,12,3,6,9,12,3,6,9,12,3,6,9,12","[CS,[BB,mulnn,[CK,[B,subnn,getStripe],1]],[B,I,I]]",13
69,"1,0,0,0,1,0,0,0,1,0,0,0,1,0,0,0,1,0,0,0,2,1,0,0,2,1,0,0,2,1,0,0,2,1,0,0,2,1,0,0,3,2,1,0,3,2,1,0,3,2,1,0,3,2,1,0,3,2,1,0,4,3,2,1,4,3,2,1,4,3,2,1,4,3,2,1,4,3,2,1,5,4,3,2,5,4,3,2,5,4,3,2,5,4,3,2,5,4,3,2","[BB,[subnn,2],[BC,[B,subnn,[B,I,I]],getStripe]]",10
70,"1,2,3,4,1,2,3,4,1,2,3,4,1,2,3,4,1,2,3,4,0,0,0,0,0,0,0,0,0,0,0,0,0,0,0,0,0,0,0,0,0,0,0,0,0,0,0,0,0,0,0,0,0,0,0,0,0,0,0,0,0,0,0,0,0,0,0,0,0,0,0,0,0,0,0,0,0,0,0,0,0,0,0,0,0,0,0,0,0,0,0,0,0,0,0,0,0,0,0,0","[BS,[B,mulnn,[B,I,I]],[BK,[subnn,1],getStripe]]",20
71,"6,6,6,6,4,4,4,4,2,2,2,2,0,0,0,0,0,0,0,0,9,9,9,9,6,6,6,6,3,3,3,3,0,0,0,0,0,0,0,0,12,12,12,12,8,8,8,8,4,4,4,4,0,0,0,0,0,0,0,0,15,15,15,15,10,10,10,10,5,5,5,5,0,0,0,0,0,0,0,0,16,16,16,16,12,12,12,12,6,6,6,6,0,0,0,0,0,0,0,0","[SS,[BB,mulnn,[BK,[addnn,2],getStripe]],[BK,[subnn,3],getDot]]",18
72,"2,2,2,2,3,3,3,3,4,4,4,4,5,5,5,5,6,6,6,6,1,1,1,1,2,2,2,2,3,3,3,3,4,4,4,4,5,5,5,5,0,0,0,0,1,1,1,1,2,2,2,2,3,3,3,3,4,4,4,4,0,0,0,0,0,0,0,0,1,1,1,1,2,2,2,2,3,3,3,3,0,0,0,0,0,0,0,0,0,0,0,0,1,1,1,1,2,2,2,2","[SB,[B,addnn,getDot],[BK,[subnn,2],getStripe]]",8
73,"0,0,0,0,0,0,0,0,0,0,0,0,0,0,0,0,0,0,0,0,0,0,0,1,0,0,0,1,0,0,0,1,0,0,0,1,0,0,0,1,0,1,3,5,0,1,3,5,0,1,3,5,0,1,3,5,0,1,3,5,0,3,6,9,0,3,6,9,0,3,6,9,0,3,6,9,0,3,6,9,1,5,9,13,1,5,9,13,1,5,9,13,1,5,9,13,1,5,9,13","[CC,[BB,subnn,[BC,[B,mulnn,[B,I,I]],getStripe]],3]",4
74,"0,0,0,0,0,0,0,0,0,0,0,0,0,0,0,0,0,0,0,0,0,0,0,1,0,0,0,1,0,0,0,1,0,0,0,1,0,0,0,1,0,0,2,4,0,0,2,4,0,0,2,4,0,0,2,4,0,0,2,4,0,1,4,7,0,1,4,7,0,1,4,7,0,1,4,7,0,1,4,7,0,2,6,10,0,2,6,10,0,2,6,10,0,2,6,10,0,2,6,10","[SS,[BB,subnn,[CB,[B,mulnn,getStripe],[B,I,I]]],[BC,[K,addnn,2],getStripe]]",2
75,"0,0,0,0,0,0,0,0,0,0,0,0,0,0,0,0,0,0,0,0,0,0,1,2,0,0,1,2,0,0,1,2,0,0,1,2,0,0,1,2,0,2,4,6,0,2,4,6,0,2,4,6,0,2,4,6,0,2,4,6,1,4,7,10,1,4,7,10,1,4,7,10,1,4,7,10,1,4,7,10,2,6,10,14,2,6,10,14,2,6,10,14,2,6,10,14,2,6,10,14","[CC,[BB,subnn,[BC,[B,mulnn,[B,I,I]],getStripe]],2]",3
76,"2,2,2,2,2,2,2,2,2,2,2,2,2,2,2,2,2,2,2,2,2,1,0,0,2,1,0,0,2,1,0,0,2,1,0,0,2,1,0,0,2,0,0,0,2,0,0,0,2,0,0,0,2,0,0,0,2,0,0,0,2,0,0,0,2,0,0,0,2,0,0,0,2,0,0,0,2,0,0,0,2,0,0,0,2,0,0,0,2,0,0,0,2,0,0,0,2,0,0,0","[SS,[BB,subnn,[BC,[K,addnn,2],getStripe]],[CB,[B,mulnn,getStripe],[B,I,I]]]",2
77,"0,0,0,0,0,0,0,0,0,0,0,0,0,0,0,0,0,0,0,0,0,0,0,0,0,0,0,0,0,0,0,0,0,0,0,0,0,0,0,0,0,0,0,0,1,1,1,1,2,2,2,2,3,3,3,3,4,4,4,4,0,0,0,0,2,2,2,2,4,4,4,4,6,6,6,6,8,8,8,8,0,0,0,0,3,3,3,3,6,6,6,6,9,9,9,9,12,12,12,12","[SB,[B,mulnn,getDot],[CK,[B,subnn,getStripe],1]]",3
78,"0,0,0,0,0,0,0,0,0,0,0,0,0,0,0,0,0,0,0,0,0,0,0,0,0,0,0,0,0,0,0,0,0,0,0,0,0,0,0,0,2,2,2,2,2,2,2,2,2,2,2,2,2,2,2,2,2,2,2,2,6,6,6,6,6,6,6,6,6,6,6,6,6,6,6,6,6,6,6,6,12,12,12,12,12,12,12,12,12,12,12,12,12,12,12,12,12,12,12,12","[SB,[B,mulnn,getStripe],[CK,[B,subnn,getStripe],1]]",5
79,"4,4,4,4,3,3,3,3,2,2,2,2,1,1,1,1,0,0,0,0,3,3,3,3,2,2,2,2,1,1,1,1,0,0,0,0,0,0,0,0,2,2,2,2,1,1,1,1,0,0,0,0,0,0,0,0,0,0,0,0,1,1,1,1,0,0,0,0,0,0,0,0,0,0,0,0,0,0,0,0,0,0,0,0,0,0,0,0,0,0,0,0,0,0,0,0,0,0,0,0","[BB,[subnn,4],[SK,[B,addnn,getStripe],getDot]]",14
80,"0,0,0,0,0,0,0,0,0,0,0,0,0,0,0,0,0,0,0,0,0,0,0,0,0,0,0,0,0,0,0,0,0,0,0,0,1,1,1,1,0,0,0,0,0,0,0,0,0,0,0,0,1,1,1,1,2,2,2,2,0,0,0,0,0,0,0,0,1,1,1,1,2,2,2,2,3,3,3,3,0,0,0,0,1,1,1,1,2,2,2,2,3,3,3,3,4,4,4,4","[SB,[B,subnn,getDot],[BK,[subnn,4],getStripe]]",6
81,"0,0,0,0,0,1,2,3,0,0,2,4,0,0,0,3,0,0,0,0,0,0,0,0,0,1,2,3,0,0,2,4,0,0,0,3,0,0,0,0,0,0,0,0,0,1,2,3,0,0,2,4,0,0,0,3,0,0,0,0,0,0,0,0,0,1,2,3,0,0,2,4,0,0,0,3,0,0,0,0,0,0,0,0,0,1,2,3,0,0,2,4,0,0,0,3,0,0,0,0","[SB,[B,mulnn,getDot],[BC,[B,subnn,[B,I,I]],getDot]]",9
82,"0,0,0,0,1,1,1,1,2,2,2,2,3,3,3,3,4,4,4,4,0,0,0,0,2,2,2,2,4,4,4,4,6,6,6,6,8,8,8,8,0,0,0,0,3,3,3,3,6,6,6,6,9,9,9,9,12,12,12,12,0,0,0,0,4,4,4,4,8,8,8,8,12,12,12,12,16,16,16,16,0,0,0,0,5,5,5,5,10,10,10,10,15,15,15,15,16,16,16,16","[SB,[B,mulnn,getDot],[BK,[addnn,1],getStripe]]",5
83,"0,0,0,0,0,0,0,0,0,0,0,0,0,0,0,0,0,0,0,0,2,2,2,2,2,2,2,2,2,2,2,2,2,2,2,2,2,2,2,2,6,6,6,6,6,6,6,6,6,6,6,6,6,6,6,6,6,6,6,6,12,12,12,12,12,12,12,12,12,12,12,12,12,12,12,12,12,12,12,12,16,16,16,16,16,16,16,16,16,16,16,16,16,16,16,16,16,16,16,16","[SB,[B,mulnn,getStripe],[BK,[addnn,1],getStripe]]",23
84,"2,4,6,8,0,2,4,6,0,0,2,4,0,0,0,2,0,0,0,0,2,4,6,8,0,2,4,6,0,0,2,4,0,0,0,2,0,0,0,0,2,4,6,8,0,2,4,6,0,0,2,4,0,0,0,2,0,0,0,0,2,4,6,8,0,2,4,6,0,0,2,4,0,0,0,2,0,0,0,0,2,4,6,8,0,2,4,6,0,0,2,4,0,0,0,2,0,0,0,0","[BB,[mulnn,2],[BC,[B,subnn,[B,I,I]],getDot]]",23
85,"3,6,9,12,0,3,6,9,0,0,3,6,0,0,0,3,0,0,0,0,3,6,9,12,0,3,6,9,0,0,3,6,0,0,0,3,0,0,0,0,3,6,9,12,0,3,6,9,0,0,3,6,0,0,0,3,0,0,0,0,3,6,9,12,0,3,6,9,0,0,3,6,0,0,0,3,0,0,0,0,3,6,9,12,0,3,6,9,0,0,3,6,0,0,0,3,0,0,0,0","[BB,[mulnn,3],[BC,[B,subnn,[B,I,I]],getDot]]",33
86,"4,8,12,16,0,4,8,12,0,0,4,8,0,0,0,4,0,0,0,0,4,8,12,16,0,4,8,12,0,0,4,8,0,0,0,4,0,0,0,0,4,8,12,16,0,4,8,12,0,0,4,8,0,0,0,4,0,0,0,0,4,8,12,16,0,4,8,12,0,0,4,8,0,0,0,4,0,0,0,0,4,8,12,16,0,4,8,12,0,0,4,8,0,0,0,4,0,0,0,0","[BB,[mulnn,4],[BC,[B,subnn,[B,I,I]],getDot]]",20
87,"1,0,0,0,2,1,0,0,3,2,1,0,4,3,2,1,5,4,3,2,1,0,0,0,2,1,0,0,3,2,1,0,4,3,2,1,5,4,3,2,1,0,0,0,2,1,0,0,3,2,1,0,4,3,2,1,5,4,3,2,1,0,0,0,2,1,0,0,3,2,1,0,4,3,2,1,5,4,3,2,1,0,0,0,2,1,0,0,3,2,1,0,4,3,2,1,5,4,3,2","[BB,[subnn,2],[BC,[B,subnn,[B,I,I]],getDot]]",15
88,"3,2,1,0,4,3,2,1,5,4,3,2,6,5,4,3,7,6,5,4,3,2,1,0,4,3,2,1,5,4,3,2,6,5,4,3,7,6,5,4,3,2,1,0,4,3,2,1,5,4,3,2,6,5,4,3,7,6,5,4,3,2,1,0,4,3,2,1,5,4,3,2,6,5,4,3,7,6,5,4,3,2,1,0,4,3,2,1,5,4,3,2,6,5,4,3,7,6,5,4","[BB,[subnn,4],[BC,[B,subnn,[B,I,I]],getDot]]",17
89,"0,0,0,0,3,3,3,3,6,6,6,6,9,9,9,9,12,12,12,12,0,0,0,0,2,2,2,2,4,4,4,4,6,6,6,6,8,8,8,8,0,0,0,0,1,1,1,1,2,2,2,2,3,3,3,3,4,4,4,4,0,0,0,0,0,0,0,0,0,0,0,0,0,0,0,0,0,0,0,0,0,0,0,0,0,0,0,0,0,0,0,0,0,0,0,0,0,0,0,0","[SS,[BK,mulnn,getDot],[BK,[subnn,3],getStripe]]",1
90,"0,0,0,0,0,0,0,0,0,0,0,0,0,0,0,0,0,0,0,0,2,2,2,2,2,2,2,2,2,2,2,2,2,2,2,2,2,2,2,2,2,2,2,2,2,2,2,2,2,2,2,2,2,2,2,2,2,2,2,2,0,0,0,0,0,0,0,0,0,0,0,0,0,0,0,0,0,0,0,0,0,0,0,0,0,0,0,0,0,0,0,0,0,0,0,0,0,0,0,0","[SS,[BK,mulnn,getStripe],[BK,[subnn,3],getStripe]]",1
91,"0,0,1,2,0,0,1,2,0,0,1,2,0,0,1,2,0,0,1,2,0,1,2,3,0,1,2,3,0,1,2,3,0,1,2,3,0,1,2,3,1,2,3,4,1,2,3,4,1,2,3,4,1,2,3,4,1,2,3,4,2,3,4,5,2,3,4,5,2,3,4,5,2,3,4,5,2,3,4,5,3,4,5,6,3,4,5,6,3,4,5,6,3,4,5,6,3,4,5,6","[BS,[B,subnn,[B,I,I]],[SC,[KK,subnn,2],getStripe]]",1
92,"1,4,9,16,0,2,6,12,0,0,3,8,0,0,0,4,0,0,0,0,1,4,9,16,0,2,6,12,0,0,3,8,0,0,0,4,0,0,0,0,1,4,9,16,0,2,6,12,0,0,3,8,0,0,0,4,0,0,0,0,1,4,9,16,0,2,6,12,0,0,3,8,0,0,0,4,0,0,0,0,1,4,9,16,0,2,6,12,0,0,3,8,0,0,0,4,0,0,0,0","[BS,[B,mulnn,[B,I,I]],[BC,[B,subnn,[B,I,I]],getDot]]",12
93,"0,0,0,0,0,0,0,0,0,0,0,0,0,0,0,0,0,0,0,0,1,4,9,16,0,2,6,12,0,0,3,8,0,0,0,4,0,0,0,0,2,8,16,16,0,4,12,16,0,0,6,16,0,0,0,8,0,0,0,0,3,12,16,16,0,6,16,16,0,0,9,16,0,0,0,12,0,0,0,0,4,16,16,16,0,8,16,16,0,0,12,16,0,0,0,16,0,0,0,0","[SS,[BB,mulnn,[CB,[B,mulnn,getStripe],[B,I,I]]],[SC,[KB,subnn,[B,I,I]],getDot]]",4
94,"3,6,9,12,0,2,4,6,0,0,1,2,0,0,0,0,3,2,1,0,3,6,9,12,0,2,4,6,0,0,1,2,0,0,0,0,3,2,1,0,3,6,9,12,0,2,4,6,0,0,1,2,0,0,0,0,3,2,1,0,3,6,9,12,0,2,4,6,0,0,1,2,0,0,0,0,3,2,1,0,3,6,9,12,0,2,4,6,0,0,1,2,0,0,0,0,3,2,1,0","[SS,[BB,mulnn,[BK,[subnn,3],getDot]],[SC,[KB,subnn,[B,I,I]],getDot]]",6
95,"2,4,6,8,0,2,4,6,0,0,2,4,0,0,0,2,0,0,0,0,3,6,9,12,0,3,6,9,0,0,3,6,0,0,0,3,0,0,0,0,4,8,12,16,0,4,8,12,0,0,4,8,0,0,0,4,0,0,0,0,5,10,15,16,0,5,10,15,0,0,5,10,0,0,0,5,0,0,0,0,6,12,16,16,0,6,12,16,0,0,6,12,0,0,0,6,0,0,0,0","[SS,[BB,mulnn,[BK,[addnn,2],getStripe]],[BC,[B,subnn,[B,I,I]],getDot]]",4
96,"1,4,9,16,0,1,4,9,1,0,1,4,4,1,0,1,9,4,1,0,1,4,9,16,0,1,4,9,1,0,1,4,4,1,0,1,9,4,1,0,1,4,9,16,0,1,4,9,1,0,1,4,4,1,0,1,9,4,1,0,1,4,9,16,0,1,4,9,1,0,1,4,4,1,0,1,9,4,1,0,1,4,9,16,0,1,4,9,1,0,1,4,4,1,0,1,9,4,1,0","[SS,[BB,mulnn,[BC,[B,subnn,[B,I,I]],getDot]],[BC,[B,subnn,[B,I,I]],getDot]]",3
97,"9,12,15,16,6,8,10,12,3,4,5,6,0,0,0,0,0,0,0,0,9,12,15,16,6,8,10,12,3,4,5,6,0,0,0,0,0,0,0,0,9,12,15,16,6,8,10,12,3,4,5,6,0,0,0,0,0,0,0,0,9,12,15,16,6,8,10,12,3,4,5,6,0,0,0,0,0,0,0,0,9,12,15,16,6,8,10,12,3,4,5,6,0,0,0,0,0,0,0,0","[SS,[BB,mulnn,[BK,[subnn,3],getDot]],[KB,[addnn,2],[B,I,I]]]",6
98,"3,3,3,3,3,3,3,3,3,3,3,3,3,3,3,3,3,3,3,3,0,0,0,0,0,0,0,0,0,0,0,0,0,0,0,0,0,0,0,0,0,0,0,0,0,0,0,0,0,0,0,0,0,0,0,0,0,0,0,0,0,0,0,0,0,0,0,0,0,0,0,0,0,0,0,0,0,0,0,0,0,0,0,0,0,0,0,0,0,0,0,0,0,0,0,0,0,0,0,0","[BB,[subnn,3],[BK,[mulnn,3],getStripe]]",16
99,"4,4,4,4,4,4,4,4,4,4,4,4,4,4,4,4,4,4,4,4,0,0,0,0,0,0,0,0,0,0,0,0,0,0,0,0,0,0,0,0,0,0,0,0,0,0,0,0,0,0,0,0,0,0,0,0,0,0,0,0,0,0,0,0,0,0,0,0,0,0,0,0,0,0,0,0,0,0,0,0,0,0,0,0,0,0,0,0,0,0,0,0,0,0,0,0,0,0,0,0","[BB,[mulnn,4],[SK,[K,subnn,1],getStripe]]",5
100,"4,4,4,4,2,2,2,2,0,0,0,0,0,0,0,0,0,0,0,0,4,4,4,4,2,2,2,2,0,0,0,0,0,0,0,0,0,0,0,0,4,4,4,4,2,2,2,2,0,0,0,0,0,0,0,0,0,0,0,0,4,4,4,4,2,2,2,2,0,0,0,0,0,0,0,0,0,0,0,0,4,4,4,4,2,2,2,2,0,0,0,0,0,0,0,0,0,0,0,0","[BB,[subnn,4],[BK,[mulnn,2],getDot]]",10
101,"0,0,0,0,2,2,2,2,8,8,8,8,16,16,16,16,16,16,16,16,0,0,0,0,2,2,2,2,8,8,8,8,16,16,16,16,16,16,16,16,0,0,0,0,2,2,2,2,8,8,8,8,16,16,16,16,16,16,16,16,0,0,0,0,2,2,2,2,8,8,8,8,16,16,16,16,16,16,16,16,0,0,0,0,2,2,2,2,8,8,8,8,16,16,16,16,16,16,16,16","[SB,[B,mulnn,getDot],[BK,[mulnn,2],getDot]]",2
102,"0,0,0,0,4,4,4,4,4,4,4,4,0,0,0,0,0,0,0,0,0,0,0,0,4,4,4,4,4,4,4,4,0,0,0,0,0,0,0,0,0,0,0,0,4,4,4,4,4,4,4,4,0,0,0,0,0,0,0,0,0,0,0,0,4,4,4,4,4,4,4,4,0,0,0,0,0,0,0,0,0,0,0,0,4,4,4,4,4,4,4,4,0,0,0,0,0,0,0,0","[SS,[BB,mulnn,[SK,[K,subnn,3],getDot]],[SC,[KK,mulnn,2],getDot]]",4
103,"0,0,0,0,0,2,4,6,0,0,4,8,0,0,0,6,0,0,0,0,0,0,0,0,0,2,4,6,0,0,4,8,0,0,0,6,0,0,0,0,0,0,0,0,0,2,4,6,0,0,4,8,0,0,0,6,0,0,0,0,0,0,0,0,0,2,4,6,0,0,4,8,0,0,0,6,0,0,0,0,0,0,0,0,0,2,4,6,0,0,4,8,0,0,0,6,0,0,0,0","[SS,[BB,mulnn,[BC,[B,subnn,[B,I,I]],getDot]],[SC,[KK,mulnn,2],getDot]]",2
104,"0,0,0,0,2,2,2,2,6,6,6,6,12,12,12,12,16,16,16,16,0,0,0,0,2,2,2,2,6,6,6,6,12,12,12,12,16,16,16,16,0,0,0,0,2,2,2,2,6,6,6,6,12,12,12,12,16,16,16,16,0,0,0,0,2,2,2,2,6,6,6,6,12,12,12,12,16,16,16,16,0,0,0,0,2,2,2,2,6,6,6,6,12,12,12,12,16,16,16,16","[SB,[B,mulnn,getDot],[BK,[addnn,1],getDot]]",5
105,"0,0,0,0,0,0,0,0,0,0,0,0,0,0,0,0,0,0,0,0,1,1,1,1,2,2,2,2,3,3,3,3,4,4,4,4,5,5,5,5,2,2,2,2,4,4,4,4,6,6,6,6,8,8,8,8,10,10,10,10,3,3,3,3,6,6,6,6,9,9,9,9,12,12,12,12,15,15,15,15,4,4,4,4,8,8,8,8,12,12,12,12,16,16,16,16,16,16,16,16","[SB,[B,mulnn,getStripe],[BK,[addnn,1],getDot]]",7
106,"0,0,0,0,0,0,0,0,0,0,0,0,0,0,0,0,0,0,0,0,0,1,2,3,0,1,2,3,0,1,2,3,0,1,2,3,0,1,2,3,1,3,5,7,1,3,5,7,1,3,5,7,1,3,5,7,1,3,5,7,2,5,8,11,2,5,8,11,2,5,8,11,2,5,8,11,2,5,8,11,3,7,11,15,3,7,11,15,3,7,11,15,3,7,11,15,3,7,11,15","[CC,[BB,subnn,[BC,[B,mulnn,[B,I,I]],getStripe]],1]",2
107,"0,0,0,0,1,0,0,0,3,2,1,0,5,4,3,2,7,6,5,4,0,0,0,0,1,0,0,0,3,2,1,0,5,4,3,2,7,6,5,4,0,0,0,0,1,0,0,0,3,2,1,0,5,4,3,2,7,6,5,4,0,0,0,0,1,0,0,0,3,2,1,0,5,4,3,2,7,6,5,4,0,0,0,0,1,0,0,0,3,2,1,0,5,4,3,2,7,6,5,4","[SB,[B,subnn,getDot],[BC,[B,subnn,[B,I,I]],getDot]]",5
108,"0,0,0,0,0,0,0,0,0,0,0,0,1,1,1,1,2,2,2,2,0,0,0,0,0,0,0,0,1,1,1,1,2,2,2,2,3,3,3,3,0,0,0,0,1,1,1,1,2,2,2,2,3,3,3,3,4,4,4,4,1,1,1,1,2,2,2,2,3,3,3,3,4,4,4,4,5,5,5,5,2,2,2,2,3,3,3,3,4,4,4,4,5,5,5,5,6,6,6,6","[SS,[BK,subnn,getDot],[BK,[subnn,2],getStripe]]",4
109,"1,2,3,4,1,2,3,4,1,2,3,4,1,2,3,4,1,2,3,4,0,0,1,2,0,0,1,2,0,0,1,2,0,0,1,2,0,0,1,2,0,0,0,0,0,0,0,0,0,0,0,0,0,0,0,0,0,0,0,0,0,0,0,0,0,0,0,0,0,0,0,0,0,0,0,0,0,0,0,0,0,0,0,0,0,0,0,0,0,0,0,0,0,0,0,0,0,0,0,0","[BS,[B,subnn,[B,I,I]],[BK,[mulnn,2],getStripe]]",7
110,"0,0,0,0,0,0,0,0,0,0,0,0,0,0,0,0,1,1,1,1,0,0,0,0,0,0,0,0,1,1,1,1,2,2,2,2,3,3,3,3,1,1,1,1,2,2,2,2,3,3,3,3,4,4,4,4,5,5,5,5,3,3,3,3,4,4,4,4,5,5,5,5,6,6,6,6,7,7,7,7,5,5,5,5,6,6,6,6,7,7,7,7,8,8,8,8,9,9,9,9","[SS,[BB,subnn,[SK,[B,addnn,getStripe],getStripe]],[BK,[subnn,3],getDot]]",3
111,"4,2,0,0,4,2,0,0,4,2,0,0,4,2,0,0,4,2,0,0,4,2,0,0,4,2,0,0,4,2,0,0,4,2,0,0,4,2,0,0,4,2,0,0,4,2,0,0,4,2,0,0,4,2,0,0,4,2,0,0,4,2,0,0,4,2,0,0,4,2,0,0,4,2,0,0,4,2,0,0,4,2,0,0,4,2,0,0,4,2,0,0,4,2,0,0,4,2,0,0","[BB,[mulnn,2],[KB,[subnn,3],[B,I,I]]]",17
112,"6,3,0,0,6,3,0,0,6,3,0,0,6,3,0,0,6,3,0,0,6,3,0,0,6,3,0,0,6,3,0,0,6,3,0,0,6,3,0,0,6,3,0,0,6,3,0,0,6,3,0,0,6,3,0,0,6,3,0,0,6,3,0,0,6,3,0,0,6,3,0,0,6,3,0,0,6,3,0,0,6,3,0,0,6,3,0,0,6,3,0,0,6,3,0,0,6,3,0,0","[BB,[mulnn,3],[KS,[K,subnn,3],[B,I,I]]]",3
113,"8,4,0,0,8,4,0,0,8,4,0,0,8,4,0,0,8,4,0,0,8,4,0,0,8,4,0,0,8,4,0,0,8,4,0,0,8,4,0,0,8,4,0,0,8,4,0,0,8,4,0,0,8,4,0,0,8,4,0,0,8,4,0,0,8,4,0,0,8,4,0,0,8,4,0,0,8,4,0,0,8,4,0,0,8,4,0,0,8,4,0,0,8,4,0,0,8,4,0,0","[BB,[mulnn,4],[KS,[K,subnn,3],[B,I,I]]]",3
114,"4,3,2,1,4,3,2,1,4,3,2,1,4,3,2,1,4,3,2,1,4,3,2,1,4,3,2,1,4,3,2,1,4,3,2,1,4,3,2,1,4,3,2,1,4,3,2,1,4,3,2,1,4,3,2,1,4,3,2,1,4,3,2,1,4,3,2,1,4,3,2,1,4,3,2,1,4,3,2,1,4,3,2,1,4,3,2,1,4,3,2,1,4,3,2,1,4,3,2,1","[BB,[addnn,1],[KB,[subnn,4],[B,I,I]]]",4
115,"0,0,0,0,2,1,0,0,4,2,0,0,6,3,0,0,8,4,0,0,0,0,0,0,2,1,0,0,4,2,0,0,6,3,0,0,8,4,0,0,0,0,0,0,2,1,0,0,4,2,0,0,6,3,0,0,8,4,0,0,0,0,0,0,2,1,0,0,4,2,0,0,6,3,0,0,8,4,0,0,0,0,0,0,2,1,0,0,4,2,0,0,6,3,0,0,8,4,0,0","[SB,[B,mulnn,getDot],[KS,[K,subnn,3],[B,I,I]]]",5
116,"0,0,0,0,0,0,0,0,0,0,0,0,0,0,0,0,0,0,0,0,2,1,0,0,2,1,0,0,2,1,0,0,2,1,0,0,2,1,0,0,4,2,0,0,4,2,0,0,4,2,0,0,4,2,0,0,4,2,0,0,6,3,0,0,6,3,0,0,6,3,0,0,6,3,0,0,6,3,0,0,8,4,0,0,8,4,0,0,8,4,0,0,8,4,0,0,8,4,0,0","[SB,[B,mulnn,getStripe],[KS,[K,subnn,3],[B,I,I]]]",5
117,"4,5,6,7,2,3,4,5,0,1,2,3,0,0,0,1,0,0,0,0,4,5,6,7,2,3,4,5,0,1,2,3,0,0,0,1,0,0,0,0,4,5,6,7,2,3,4,5,0,1,2,3,0,0,0,1,0,0,0,0,4,5,6,7,2,3,4,5,0,1,2,3,0,0,0,1,0,0,0,0,4,5,6,7,2,3,4,5,0,1,2,3,0,0,0,1,0,0,0,0","[SS,[BB,addnn,[BK,[subnn,3],getDot]],[BC,[B,subnn,[B,I,I]],getDot]]",2
118,"0,1,2,3,0,1,2,3,0,1,2,3,0,1,2,3,0,1,2,3,0,0,1,2,0,0,1,2,0,0,1,2,0,0,1,2,0,0,1,2,0,0,0,1,0,0,0,1,0,0,0,1,0,0,0,1,0,0,0,1,0,0,0,0,0,0,0,0,0,0,0,0,0,0,0,0,0,0,0,0,0,0,0,0,0,0,0,0,0,0,0,0,0,0,0,0,0,0,0,0","[BS,[B,subnn,[B,I,I]],[BK,[addnn,1],getStripe]]",2
119,"1,1,1,1,1,1,1,1,1,1,1,1,1,1,1,1,1,1,1,1,2,2,2,2,2,2,2,2,2,2,2,2,2,2,2,2,2,2,2,2,5,5,5,5,5,5,5,5,5,5,5,5,5,5,5,5,5,5,5,5,10,10,10,10,10,10,10,10,10,10,10,10,10,10,10,10,10,10,10,10,16,16,16,16,16,16,16,16,16,16,16,16,16,16,16,16,16,16,16,16","[BB,[addnn,1],[SK,[B,mulnn,getStripe],getStripe]]",10
120,"1,2,3,4,1,2,3,4,1,2,3,4,1,2,3,4,1,2,3,4,1,2,3,4,1,2,3,4,1,2,3,4,1,2,3,4,1,2,3,4,1,2,3,4,1,2,3,4,1,2,3,4,1,2,3,4,1,2,3,4,1,2,3,4,1,2,3,4,1,2,3,4,1,2,3,4,1,2,3,4,1,2,3,4,1,2,3,4,1,2,3,4,1,2,3,4,1,2,3,4","[KB,I,I]",1395
121,"0,0,0,0,0,0,0,0,0,0,0,0,0,0,0,0,0,0,0,0,3,3,3,3,3,3,3,3,3,3,3,3,3,3,3,3,3,3,3,3,6,6,6,6,6,6,6,6,6,6,6,6,6,6,6,6,6,6,6,6,9,9,9,9,9,9,9,9,9,9,9,9,9,9,9,9,9,9,9,9,12,12,12,12,12,12,12,12,12,12,12,12,12,12,12,12,12,12,12,12","[BK,[mulnn,3],getStripe]",412
122,"4,4,4,4,5,5,5,5,6,6,6,6,7,7,7,7,8,8,8,8,4,4,4,4,5,5,5,5,6,6,6,6,7,7,7,7,8,8,8,8,4,4,4,4,5,5,5,5,6,6,6,6,7,7,7,7,8,8,8,8,4,4,4,4,5,5,5,5,6,6,6,6,7,7,7,7,8,8,8,8,4,4,4,4,5,5,5,5,6,6,6,6,7,7,7,7,8,8,8,8","[BK,[addnn,4],getDot]",222
123,"4,4,4,4,3,3,3,3,2,2,2,2,1,1,1,1,0,0,0,0,4,4,4,4,3,3,3,3,2,2,2,2,1,1,1,1,0,0,0,0,4,4,4,4,3,3,3,3,2,2,2,2,1,1,1,1,0,0,0,0,4,4,4,4,3,3,3,3,2,2,2,2,1,1,1,1,0,0,0,0,4,4,4,4,3,3,3,3,2,2,2,2,1,1,1,1,0,0,0,0","[BK,[subnn,4],getDot]",306
124,"4,4,4,4,4,4,4,4,4,4,4,4,4,4,4,4,4,4,4,4,3,3,3,3,3,3,3,3,3,3,3,3,3,3,3,3,3,3,3,3,2,2,2,2,2,2,2,2,2,2,2,2,2,2,2,2,2,2,2,2,1,1,1,1,1,1,1,1,1,1,1,1,1,1,1,1,1,1,1,1,0,0,0,0,0,0,0,0,0,0,0,0,0,0,0,0,0,0,0,0","[BK,[subnn,4],getStripe]",385
125,"4,4,4,4,4,4,4,4,4,4,4,4,4,4,4,4,4,4,4,4,4,4,4,4,4,4,4,4,4,4,4,4,4,4,4,4,4,4,4,4,4,4,4,4,4,4,4,4,4,4,4,4,4,4,4,4,4,4,4,4,4,4,4,4,4,4,4,4,4,4,4,4,4,4,4,4,4,4,4,4,4,4,4,4,4,4,4,4,4,4,4,4,4,4,4,4,4,4,4,4","[KK,[mulnn,1],4]",1359
126,"2,4,6,8,2,4,6,8,2,4,6,8,2,4,6,8,2,4,6,8,2,4,6,8,2,4,6,8,2,4,6,8,2,4,6,8,2,4,6,8,2,4,6,8,2,4,6,8,2,4,6,8,2,4,6,8,2,4,6,8,2,4,6,8,2,4,6,8,2,4,6,8,2,4,6,8,2,4,6,8,2,4,6,8,2,4,6,8,2,4,6,8,2,4,6,8,2,4,6,8","[KB,[mulnn,2],[B,I,I]]",726
127,"3,6,9,12,3,6,9,12,3,6,9,12,3,6,9,12,3,6,9,12,3,6,9,12,3,6,9,12,3,6,9,12,3,6,9,12,3,6,9,12,3,6,9,12,3,6,9,12,3,6,9,12,3,6,9,12,3,6,9,12,3,6,9,12,3,6,9,12,3,6,9,12,3,6,9,12,3,6,9,12,3,6,9,12,3,6,9,12,3,6,9,12,3,6,9,12,3,6,9,12","[KB,[mulnn,3],[B,I,I]]",418
128,"1,2,3,4,2,3,4,5,3,4,5,6,4,5,6,7,5,6,7,8,1,2,3,4,2,3,4,5,3,4,5,6,4,5,6,7,5,6,7,8,1,2,3,4,2,3,4,5,3,4,5,6,4,5,6,7,5,6,7,8,1,2,3,4,2,3,4,5,3,4,5,6,4,5,6,7,5,6,7,8,1,2,3,4,2,3,4,5,3,4,5,6,4,5,6,7,5,6,7,8","[CB,[B,addnn,getDot],[B,I,I]]",287
129,"1,2,3,4,1,2,3,4,1,2,3,4,1,2,3,4,1,2,3,4,2,3,4,5,2,3,4,5,2,3,4,5,2,3,4,5,2,3,4,5,3,4,5,6,3,4,5,6,3,4,5,6,3,4,5,6,3,4,5,6,4,5,6,7,4,5,6,7,4,5,6,7,4,5,6,7,4,5,6,7,5,6,7,8,5,6,7,8,5,6,7,8,5,6,7,8,5,6,7,8","[CB,[B,addnn,getStripe],[B,I,I]]",259
130,"1,4,9,16,1,4,9,16,1,4,9,16,1,4,9,16,1,4,9,16,1,4,9,16,1,4,9,16,1,4,9,16,1,4,9,16,1,4,9,16,1,4,9,16,1,4,9,16,1,4,9,16,1,4,9,16,1,4,9,16,1,4,9,16,1,4,9,16,1,4,9,16,1,4,9,16,1,4,9,16,1,4,9,16,1,4,9,16,1,4,9,16,1,4,9,16,1,4,9,16","[KS,[B,mulnn,[B,I,I]],[B,I,I]]",129
131,"0,0,0,0,1,2,3,4,2,4,6,8,3,6,9,12,4,8,12,16,1,2,3,4,2,4,6,8,3,6,9,12,4,8,12,16,5,10,15,16,2,4,6,8,3,6,9,12,4,8,12,16,5,10,15,16,6,12,16,16,3,6,9,12,4,8,12,16,5,10,15,16,6,12,16,16,7,14,16,16,4,8,12,16,5,10,15,16,6,12,16,16,7,14,16,16,8,16,16,16","[BS,[B,mulnn,[B,I,I]],[SK,[B,addnn,getStripe],getDot]]",5
132,"0,0,0,0,0,0,0,0,0,0,0,0,0,0,0,0,0,0,0,0,1,1,1,1,2,2,2,2,3,3,3,3,4,4,4,4,5,5,5,5,4,4,4,4,6,6,6,6,8,8,8,8,10,10,10,10,12,12,12,12,9,9,9,9,12,12,12,12,15,15,15,15,16,16,16,16,16,16,16,16,16,16,16,16,16,16,16,16,16,16,16,16,16,16,16,16,16,16,16,16","[SB,[B,mulnn,getStripe],[SK,[B,addnn,getStripe],getDot]]",10
133,"0,0,0,0,3,3,3,3,6,6,6,6,9,9,9,9,12,12,12,12,3,3,3,3,6,6,6,6,9,9,9,9,12,12,12,12,15,15,15,15,6,6,6,6,9,9,9,9,12,12,12,12,15,15,15,15,16,16,16,16,9,9,9,9,12,12,12,12,15,15,15,15,16,16,16,16,16,16,16,16,12,12,12,12,15,15,15,15,16,16,16,16,16,16,16,16,16,16,16,16","[BB,[mulnn,3],[SC,[BK,addnn,getStripe],getDot]]",4
134,"0,0,0,0,1,1,1,1,4,4,4,4,9,9,9,9,16,16,16,16,1,1,1,1,4,4,4,4,9,9,9,9,16,16,16,16,16,16,16,16,4,4,4,4,9,9,9,9,16,16,16,16,16,16,16,16,16,16,16,16,9,9,9,9,16,16,16,16,16,16,16,16,16,16,16,16,16,16,16,16,16,16,16,16,16,16,16,16,16,16,16,16,16,16,16,16,16,16,16,16","[SS,[BB,mulnn,[SK,[B,addnn,getStripe],getDot]],[SK,[B,addnn,getStripe],getDot]]",2
135,"0,0,0,0,2,2,2,2,4,4,4,4,6,6,6,6,8,8,8,8,2,2,2,2,4,4,4,4,6,6,6,6,8,8,8,8,10,10,10,10,4,4,4,4,6,6,6,6,8,8,8,8,10,10,10,10,12,12,12,12,6,6,6,6,8,8,8,8,10,10,10,10,12,12,12,12,14,14,14,14,8,8,8,8,10,10,10,10,12,12,12,12,14,14,14,14,16,16,16,16","[BB,[mulnn,2],[SC,[BK,addnn,getStripe],getDot]]",2
136,"1,2,3,4,2,3,4,5,3,4,5,6,4,5,6,7,5,6,7,8,2,3,4,5,3,4,5,6,4,5,6,7,5,6,7,8,6,7,8,9,3,4,5,6,4,5,6,7,5,6,7,8,6,7,8,9,7,8,9,10,4,5,6,7,5,6,7,8,6,7,8,9,7,8,9,10,8,9,10,11,5,6,7,8,6,7,8,9,7,8,9,10,8,9,10,11,9,10,11,12","[BS,[B,addnn,[B,I,I]],[SC,[BK,addnn,getStripe],getDot]]",2
137,"0,0,0,0,0,0,0,0,0,0,0,0,0,0,0,0,0,0,0,0,3,3,3,3,4,4,4,4,5,5,5,5,6,6,6,6,7,7,7,7,6,6,6,6,8,8,8,8,10,10,10,10,12,12,12,12,14,14,14,14,9,9,9,9,12,12,12,12,15,15,15,15,16,16,16,16,16,16,16,16,12,12,12,12,16,16,16,16,16,16,16,16,16,16,16,16,16,16,16,16","[SB,[B,mulnn,getStripe],[BK,[addnn,3],getDot]]",14
138,"0,0,0,0,0,0,0,0,0,0,0,0,0,0,0,0,0,0,0,0,1,1,1,1,0,0,0,0,0,0,0,0,0,0,0,0,0,0,0,0,2,2,2,2,1,1,1,1,0,0,0,0,0,0,0,0,0,0,0,0,3,3,3,3,2,2,2,2,1,1,1,1,0,0,0,0,0,0,0,0,4,4,4,4,3,3,3,3,2,2,2,2,1,1,1,1,0,0,0,0","[SK,[B,subnn,getStripe],getDot]",109
139,"5,6,7,8,5,6,7,8,5,6,7,8,5,6,7,8,5,6,7,8,4,5,6,7,4,5,6,7,4,5,6,7,4,5,6,7,4,5,6,7,3,4,5,6,3,4,5,6,3,4,5,6,3,4,5,6,3,4,5,6,2,3,4,5,2,3,4,5,2,3,4,5,2,3,4,5,2,3,4,5,1,2,3,4,1,2,3,4,1,2,3,4,1,2,3,4,1,2,3,4","[BS,[B,addnn,[B,I,I]],[BK,[subnn,4],getStripe]]",1
140,"8,8,8,8,8,8,8,8,8,8,8,8,8,8,8,8,8,8,8,8,6,6,6,6,6,6,6,6,6,6,6,6,6,6,6,6,6,6,6,6,4,4,4,4,4,4,4,4,4,4,4,4,4,4,4,4,4,4,4,4,2,2,2,2,2,2,2,2,2,2,2,2,2,2,2,2,2,2,2,2,0,0,0,0,0,0,0,0,0,0,0,0,0,0,0,0,0,0,0,0","[BB,[mulnn,2],[BK,[subnn,4],getStripe]]",10
141,"12,12,12,12,12,12,12,12,12,12,12,12,12,12,12,12,12,12,12,12,9,9,9,9,9,9,9,9,9,9,9,9,9,9,9,9,9,9,9,9,6,6,6,6,6,6,6,6,6,6,6,6,6,6,6,6,6,6,6,6,3,3,3,3,3,3,3,3,3,3,3,3,3,3,3,3,3,3,3,3,0,0,0,0,0,0,0,0,0,0,0,0,0,0,0,0,0,0,0,0","[BB,[mulnn,3],[BK,[subnn,4],getStripe]]",8
142,"6,6,6,6,6,6,6,6,6,6,6,6,6,6,6,6,6,6,6,6,5,5,5,5,5,5,5,5,5,5,5,5,5,5,5,5,5,5,5,5,4,4,4,4,4,4,4,4,4,4,4,4,4,4,4,4,4,4,4,4,3,3,3,3,3,3,3,3,3,3,3,3,3,3,3,3,3,3,3,3,2,2,2,2,2,2,2,2,2,2,2,2,2,2,2,2,2,2,2,2","[BB,[addnn,2],[BK,[subnn,4],getStripe]]",2
143,"0,0,0,0,0,0,0,0,0,0,0,0,0,0,0,0,0,0,0,0,3,3,3,3,3,3,3,3,3,3,3,3,3,3,3,3,3,3,3,3,12,12,12,12,12,12,12,12,12,12,12,12,12,12,12,12,12,12,12,12,16,16,16,16,16,16,16,16,16,16,16,16,16,16,16,16,16,16,16,16,16,16,16,16,16,16,16,16,16,16,16,16,16,16,16,16,16,16,16,16","[SB,[B,mulnn,getStripe],[BK,[mulnn,3],getStripe]]",24
144,"0,0,0,0,0,0,0,0,0,0,0,0,0,0,0,0,0,0,0,0,2,1,0,0,2,1,0,0,2,1,0,0,2,1,0,0,2,1,0,0,5,4,3,2,5,4,3,2,5,4,3,2,5,4,3,2,5,4,3,2,8,7,6,5,8,7,6,5,8,7,6,5,8,7,6,5,8,7,6,5,11,10,9,8,11,10,9,8,11,10,9,8,11,10,9,8,11,10,9,8","[SS,[BB,subnn,[BK,[mulnn,3],getStripe]],[KB,I,I]]",1
145,"3,6,9,12,4,8,12,16,5,10,15,16,6,12,16,16,7,14,16,16,3,6,9,12,4,8,12,16,5,10,15,16,6,12,16,16,7,14,16,16,3,6,9,12,4,8,12,16,5,10,15,16,6,12,16,16,7,14,16,16,3,6,9,12,4,8,12,16,5,10,15,16,6,12,16,16,7,14,16,16,3,6,9,12,4,8,12,16,5,10,15,16,6,12,16,16,7,14,16,16","[BS,[B,mulnn,[B,I,I]],[BK,[addnn,3],getDot]]",17
146,"0,0,0,0,0,0,0,0,0,0,0,0,0,0,0,0,0,0,0,0,3,3,3,3,3,3,3,3,3,3,3,3,3,3,3,3,3,3,3,3,8,8,8,8,8,8,8,8,8,8,8,8,8,8,8,8,8,8,8,8,15,15,15,15,15,15,15,15,15,15,15,15,15,15,15,15,15,15,15,15,16,16,16,16,16,16,16,16,16,16,16,16,16,16,16,16,16,16,16,16","[SB,[B,mulnn,getStripe],[BK,[addnn,2],getStripe]]",16
147,"3,8,15,16,3,8,15,16,3,8,15,16,3,8,15,16,3,8,15,16,3,8,15,16,3,8,15,16,3,8,15,16,3,8,15,16,3,8,15,16,3,8,15,16,3,8,15,16,3,8,15,16,3,8,15,16,3,8,15,16,3,8,15,16,3,8,15,16,3,8,15,16,3,8,15,16,3,8,15,16,3,8,15,16,3,8,15,16,3,8,15,16,3,8,15,16,3,8,15,16","[BS,[B,mulnn,[B,I,I]],[KB,[addnn,2],[B,I,I]]]",5
148,"0,0,0,0,0,0,0,0,0,0,0,0,0,0,0,0,0,0,0,0,1,2,3,4,1,2,3,4,1,2,3,4,1,2,3,4,1,2,3,4,4,8,12,16,4,8,12,16,4,8,12,16,4,8,12,16,4,8,12,16,9,16,16,16,9,16,16,16,9,16,16,16,9,16,16,16,9,16,16,16,16,16,16,16,16,16,16,16,16,16,16,16,16,16,16,16,16,16,16,16","[SB,[B,mulnn,getStripe],[BC,[B,mulnn,[B,I,I]],getStripe]]",20
149,"0,0,0,0,0,0,0,0,0,0,0,0,0,0,0,0,0,0,0,0,0,0,0,0,0,0,0,0,0,0,0,0,0,0,0,0,0,0,0,0,1,1,1,1,1,1,1,1,1,1,1,1,1,1,1,1,1,1,1,1,3,3,3,3,3,3,3,3,3,3,3,3,3,3,3,3,3,3,3,3,5,5,5,5,5,5,5,5,5,5,5,5,5,5,5,5,5,5,5,5","[CC,[BB,subnn,[BK,[mulnn,2],getStripe]],3]",2
150,"4,4,4,4,4,4,4,4,4,4,4,4,4,4,4,4,4,4,4,4,3,3,3,3,3,3,3,3,3,3,3,3,3,3,3,3,3,3,3,3,0,0,0,0,0,0,0,0,0,0,0,0,0,0,0,0,0,0,0,0,0,0,0,0,0,0,0,0,0,0,0,0,0,0,0,0,0,0,0,0,0,0,0,0,0,0,0,0,0,0,0,0,0,0,0,0,0,0,0,0","[BB,[subnn,4],[SC,[BK,mulnn,getStripe],getStripe]]",4
151,"0,0,0,0,1,1,1,1,2,2,2,2,3,3,3,3,4,4,4,4,1,1,1,1,2,2,2,2,3,3,3,3,4,4,4,4,5,5,5,5,4,4,4,4,5,5,5,5,6,6,6,6,7,7,7,7,8,8,8,8,9,9,9,9,10,10,10,10,11,11,11,11,12,12,12,12,13,13,13,13,16,16,16,16,16,16,16,16,16,16,16,16,16,16,16,16,16,16,16,16","[SB,[B,addnn,getDot],[SK,[B,mulnn,getStripe],getStripe]]",12
152,"0,0,0,0,0,0,0,0,0,0,0,0,0,0,0,0,0,0,0,0,1,4,9,16,1,4,9,16,1,4,9,16,1,4,9,16,1,4,9,16,2,8,16,16,2,8,16,16,2,8,16,16,2,8,16,16,2,8,16,16,3,12,16,16,3,12,16,16,3,12,16,16,3,12,16,16,3,12,16,16,4,16,16,16,4,16,16,16,4,16,16,16,4,16,16,16,4,16,16,16","[BS,[B,mulnn,[B,I,I]],[CB,[B,mulnn,getStripe],[B,I,I]]]",13
153,"0,0,0,0,1,1,1,1,2,2,2,2,3,3,3,3,4,4,4,4,3,3,3,3,4,4,4,4,5,5,5,5,6,6,6,6,7,7,7,7,6,6,6,6,7,7,7,7,8,8,8,8,9,9,9,9,10,10,10,10,9,9,9,9,10,10,10,10,11,11,11,11,12,12,12,12,13,13,13,13,12,12,12,12,13,13,13,13,14,14,14,14,15,15,15,15,16,16,16,16","[SB,[B,addnn,getDot],[BK,[mulnn,3],getStripe]]",2
154,"0,0,0,0,0,0,0,0,0,0,0,0,0,0,0,0,0,0,0,0,1,1,1,1,0,0,0,0,0,0,0,0,0,0,0,0,0,0,0,0,4,4,4,4,3,3,3,3,2,2,2,2,1,1,1,1,0,0,0,0,9,9,9,9,8,8,8,8,7,7,7,7,6,6,6,6,5,5,5,5,16,16,16,16,15,15,15,15,14,14,14,14,13,13,13,13,12,12,12,12","[SC,[BB,subnn,[SK,[B,mulnn,getStripe],getStripe]],getDot]",1
155,"2,2,2,2,2,2,2,2,2,2,2,2,2,2,2,2,2,2,2,2,3,3,3,3,3,3,3,3,3,3,3,3,3,3,3,3,3,3,3,3,6,6,6,6,6,6,6,6,6,6,6,6,6,6,6,6,6,6,6,6,11,11,11,11,11,11,11,11,11,11,11,11,11,11,11,11,11,11,11,11,16,16,16,16,16,16,16,16,16,16,16,16,16,16,16,16,16,16,16,16","[BB,[addnn,2],[SK,[B,mulnn,getStripe],getStripe]]",10
156,"0,0,0,0,1,1,1,1,2,2,2,2,3,3,3,3,4,4,4,4,2,2,2,2,3,3,3,3,4,4,4,4,5,5,5,5,6,6,6,6,4,4,4,4,5,5,5,5,6,6,6,6,7,7,7,7,8,8,8,8,6,6,6,6,7,7,7,7,8,8,8,8,9,9,9,9,10,10,10,10,8,8,8,8,9,9,9,9,10,10,10,10,11,11,11,11,12,12,12,12","[SC,[BB,addnn,[BK,[mulnn,2],getStripe]],getDot]",5
157,"1,1,1,1,1,1,1,1,1,1,1,1,1,1,1,1,1,1,1,1,3,3,3,3,3,3,3,3,3,3,3,3,3,3,3,3,3,3,3,3,5,5,5,5,5,5,5,5,5,5,5,5,5,5,5,5,5,5,5,5,7,7,7,7,7,7,7,7,7,7,7,7,7,7,7,7,7,7,7,7,9,9,9,9,9,9,9,9,9,9,9,9,9,9,9,9,9,9,9,9","[SB,[K,addnn,1],[BK,[mulnn,2],getStripe]]",8
158,"0,0,0,0,2,2,2,2,4,4,4,4,6,6,6,6,8,8,8,8,3,3,3,3,6,6,6,6,9,9,9,9,12,12,12,12,15,15,15,15,8,8,8,8,12,12,12,12,16,16,16,16,16,16,16,16,16,16,16,16,15,15,15,15,16,16,16,16,16,16,16,16,16,16,16,16,16,16,16,16,16,16,16,16,16,16,16,16,16,16,16,16,16,16,16,16,16,16,16,16","[SS,[BB,mulnn,[BK,[addnn,2],getStripe]],[SK,[B,addnn,getStripe],getDot]]",2
159,"0,0,0,0,2,2,2,2,4,4,4,4,6,6,6,6,8,8,8,8,1,1,1,1,3,3,3,3,5,5,5,5,7,7,7,7,9,9,9,9,2,2,2,2,4,4,4,4,6,6,6,6,8,8,8,8,10,10,10,10,3,3,3,3,5,5,5,5,7,7,7,7,9,9,9,9,11,11,11,11,4,4,4,4,6,6,6,6,8,8,8,8,10,10,10,10,12,12,12,12","[SB,[B,addnn,getDot],[SK,[B,addnn,getStripe],getDot]]",2
160,"3,2,1,0,3,2,1,0,3,2,1,0,3,2,1,0,3,2,1,0,4,3,2,1,4,3,2,1,4,3,2,1,4,3,2,1,4,3,2,1,5,4,3,2,5,4,3,2,5,4,3,2,5,4,3,2,5,4,3,2,6,5,4,3,6,5,4,3,6,5,4,3,6,5,4,3,6,5,4,3,7,6,5,4,7,6,5,4,7,6,5,4,7,6,5,4,7,6,5,4","[BB,[subnn,4],[BC,[B,subnn,[B,I,I]],getStripe]]",6
161,"3,4,3,0,3,4,3,0,3,4,3,0,3,4,3,0,3,4,3,0,3,4,3,0,3,4,3,0,3,4,3,0,3,4,3,0,3,4,3,0,3,4,3,0,3,4,3,0,3,4,3,0,3,4,3,0,3,4,3,0,3,4,3,0,3,4,3,0,3,4,3,0,3,4,3,0,3,4,3,0,3,4,3,0,3,4,3,0,3,4,3,0,3,4,3,0,3,4,3,0","[BS,[B,mulnn,[B,I,I]],[KB,[subnn,4],[B,I,I]]]",1
162,"0,0,0,0,0,0,0,0,0,0,0,0,0,0,0,0,0,0,0,0,1,1,1,1,1,1,1,1,1,1,1,1,1,1,1,1,1,1,1,1,4,4,4,4,4,4,4,4,4,4,4,4,4,4,4,4,4,4,4,4,7,7,7,7,7,7,7,7,7,7,7,7,7,7,7,7,7,7,7,7,10,10,10,10,10,10,10,10,10,10,10,10,10,10,10,10,10,10,10,10","[CC,[BB,subnn,[BK,[mulnn,3],getStripe]],2]",2
163,"0,0,0,0,0,0,0,0,0,0,0,0,0,0,0,0,0,0,0,0,2,2,2,2,1,1,1,1,0,0,0,0,0,0,0,0,0,0,0,0,4,4,4,4,3,3,3,3,2,2,2,2,1,1,1,1,0,0,0,0,6,6,6,6,5,5,5,5,4,4,4,4,3,3,3,3,2,2,2,2,8,8,8,8,7,7,7,7,6,6,6,6,5,5,5,5,4,4,4,4","[SC,[BB,subnn,[BC,[K,mulnn,2],getStripe]],getDot]",3
164,"1,2,3,4,0,1,2,3,0,0,1,2,0,0,0,1,0,0,0,0,2,3,4,5,1,2,3,4,0,1,2,3,0,0,1,2,0,0,0,1,3,4,5,6,2,3,4,5,1,2,3,4,0,1,2,3,0,0,1,2,4,5,6,7,3,4,5,6,2,3,4,5,1,2,3,4,0,1,2,3,5,6,7,8,4,5,6,7,3,4,5,6,2,3,4,5,1,2,3,4","[BS,[B,addnn,[B,I,I]],[SK,[B,subnn,getStripe],getDot]]",2
165,"0,0,0,0,1,2,3,4,2,4,6,8,3,6,9,12,4,8,12,16,0,0,0,0,0,1,2,3,0,2,4,6,0,3,6,9,0,4,8,12,0,0,0,0,0,0,1,2,0,0,2,4,0,0,3,6,0,0,4,8,0,0,0,0,0,0,0,1,0,0,0,2,0,0,0,3,0,0,0,4,0,0,0,0,0,0,0,0,0,0,0,0,0,0,0,0,0,0,0,0","[SC,[BB,mulnn,[BC,[B,subnn,[B,I,I]],getStripe]],getDot]",1
166,"0,0,0,0,0,0,0,0,0,0,0,0,0,0,0,0,0,0,0,0,0,1,2,3,0,1,2,3,0,1,2,3,0,1,2,3,0,1,2,3,0,0,2,4,0,0,2,4,0,0,2,4,0,0,2,4,0,0,2,4,0,0,0,3,0,0,0,3,0,0,0,3,0,0,0,3,0,0,0,3,0,0,0,0,0,0,0,0,0,0,0,0,0,0,0,0,0,0,0,0","[SC,[BB,mulnn,[BC,[B,subnn,[B,I,I]],getStripe]],getStripe]",1
167,"2,1,0,0,2,1,0,0,2,1,0,0,2,1,0,0,2,1,0,0,3,2,1,0,3,2,1,0,3,2,1,0,3,2,1,0,3,2,1,0,4,3,2,1,4,3,2,1,4,3,2,1,4,3,2,1,4,3,2,1,5,4,3,2,5,4,3,2,5,4,3,2,5,4,3,2,5,4,3,2,6,5,4,3,6,5,4,3,6,5,4,3,6,5,4,3,6,5,4,3","[BB,[subnn,3],[BC,[B,subnn,[B,I,I]],getStripe]]",1
168,"4,4,4,4,4,4,4,4,4,4,4,4,4,4,4,4,4,4,4,4,1,1,1,1,1,1,1,1,1,1,1,1,1,1,1,1,1,1,1,1,0,0,0,0,0,0,0,0,0,0,0,0,0,0,0,0,0,0,0,0,0,0,0,0,0,0,0,0,0,0,0,0,0,0,0,0,0,0,0,0,0,0,0,0,0,0,0,0,0,0,0,0,0,0,0,0,0,0,0,0","[BB,[subnn,4],[BK,[mulnn,3],getStripe]]",11
169,"6,4,2,0,6,4,2,0,6,4,2,0,6,4,2,0,6,4,2,0,6,4,2,0,6,4,2,0,6,4,2,0,6,4,2,0,6,4,2,0,6,4,2,0,6,4,2,0,6,4,2,0,6,4,2,0,6,4,2,0,6,4,2,0,6,4,2,0,6,4,2,0,6,4,2,0,6,4,2,0,6,4,2,0,6,4,2,0,6,4,2,0,6,4,2,0,6,4,2,0","[BB,[mulnn,2],[KB,[subnn,4],[B,I,I]]]",5
170,"3,3,3,3,3,3,3,3,3,3,3,3,3,3,3,3,3,3,3,3,2,2,2,2,2,2,2,2,2,2,2,2,2,2,2,2,2,2,2,2,0,0,0,0,0,0,0,0,0,0,0,0,0,0,0,0,0,0,0,0,0,0,0,0,0,0,0,0,0,0,0,0,0,0,0,0,0,0,0,0,0,0,0,0,0,0,0,0,0,0,0,0,0,0,0,0,0,0,0,0","[BB,[subnn,3],[SK,[B,mulnn,getStripe],getStripe]]",17
171,"3,2,1,0,3,2,1,0,3,2,1,0,3,2,1,0,3,2,1,0,2,1,0,0,2,1,0,0,2,1,0,0,2,1,0,0,2,1,0,0,1,0,0,0,1,0,0,0,1,0,0,0,1,0,0,0,1,0,0,0,0,0,0,0,0,0,0,0,0,0,0,0,0,0,0,0,0,0,0,0,0,0,0,0,0,0,0,0,0,0,0,0,0,0,0,0,0,0,0,0","[CS,[BB,subnn,[BK,[subnn,4],getStripe]],[B,I,I]]",1
172,"1,2,3,4,1,2,3,4,1,2,3,4,1,2,3,4,1,2,3,4,0,0,0,1,0,0,0,1,0,0,0,1,0,0,0,1,0,0,0,1,0,0,0,0,0,0,0,0,0,0,0,0,0,0,0,0,0,0,0,0,0,0,0,0,0,0,0,0,0,0,0,0,0,0,0,0,0,0,0,0,0,0,0,0,0,0,0,0,0,0,0,0,0,0,0,0,0,0,0,0","[BS,[B,subnn,[B,I,I]],[BK,[mulnn,3],getStripe]]",4
173,"0,0,0,0,0,0,0,0,0,0,0,0,0,0,0,0,0,0,0,0,1,1,1,1,1,1,1,1,1,1,1,1,1,1,1,1,1,1,1,1,16,16,16,16,16,16,16,16,16,16,16,16,16,16,16,16,16,16,16,16,16,16,16,16,16,16,16,16,16,16,16,16,16,16,16,16,16,16,16,16,16,16,16,16,16,16,16,16,16,16,16,16,16,16,16,16,16,16,16,16","[SS,[BB,mulnn,[SK,[B,mulnn,getStripe],getStripe]],[SK,[B,mulnn,getStripe],getStripe]]",2
174,"0,0,0,0,0,0,0,0,0,0,0,0,0,0,0,0,0,0,0,0,1,1,1,1,1,1,1,1,1,1,1,1,1,1,1,1,1,1,1,1,8,8,8,8,8,8,8,8,8,8,8,8,8,8,8,8,8,8,8,8,16,16,16,16,16,16,16,16,16,16,16,16,16,16,16,16,16,16,16,16,16,16,16,16,16,16,16,16,16,16,16,16,16,16,16,16,16,16,16,16","[SB,[B,mulnn,getStripe],[SK,[B,mulnn,getStripe],getStripe]]",11
175,"0,0,0,0,0,0,0,0,0,0,0,0,0,0,0,0,0,0,0,0,2,2,2,2,2,2,2,2,2,2,2,2,2,2,2,2,2,2,2,2,12,12,12,12,12,12,12,12,12,12,12,12,12,12,12,12,12,12,12,12,16,16,16,16,16,16,16,16,16,16,16,16,16,16,16,16,16,16,16,16,16,16,16,16,16,16,16,16,16,16,16,16,16,16,16,16,16,16,16,16","[SS,[BB,mulnn,[SK,[B,mulnn,getStripe],getStripe]],[BK,[addnn,1],getStripe]]",2
176,"3,3,3,3,2,2,2,2,1,1,1,1,0,0,0,0,0,0,0,0,6,6,6,6,4,4,4,4,2,2,2,2,0,0,0,0,0,0,0,0,9,9,9,9,6,6,6,6,3,3,3,3,0,0,0,0,0,0,0,0,12,12,12,12,8,8,8,8,4,4,4,4,0,0,0,0,0,0,0,0,15,15,15,15,10,10,10,10,5,5,5,5,0,0,0,0,0,0,0,0","[SS,[BB,mulnn,[BK,[subnn,3],getDot]],[BK,[addnn,1],getStripe]]",2
177,"1,2,3,4,1,2,3,4,1,2,3,4,1,2,3,4,1,2,3,4,0,1,2,3,0,1,2,3,0,1,2,3,0,1,2,3,0,1,2,3,0,0,0,0,0,0,0,0,0,0,0,0,0,0,0,0,0,0,0,0,0,0,0,0,0,0,0,0,0,0,0,0,0,0,0,0,0,0,0,0,0,0,0,0,0,0,0,0,0,0,0,0,0,0,0,0,0,0,0,0","[BS,[B,subnn,[B,I,I]],[SK,[B,mulnn,getStripe],getStripe]]",4
178,"0,0,0,0,0,0,0,1,0,0,1,2,0,1,2,3,1,2,3,4,0,0,0,0,0,0,0,1,0,0,1,2,0,1,2,3,1,2,3,4,0,0,0,0,0,0,0,1,0,0,1,2,0,1,2,3,1,2,3,4,0,0,0,0,0,0,0,1,0,0,1,2,0,1,2,3,1,2,3,4,0,0,0,0,0,0,0,1,0,0,1,2,0,1,2,3,1,2,3,4","[SB,[B,subnn,getDot],[KB,[subnn,4],[B,I,I]]]",1
179,"0,0,0,0,0,0,0,0,0,0,0,0,0,0,0,0,0,0,0,0,0,0,0,1,0,0,0,1,0,0,0,1,0,0,0,1,0,0,0,1,0,0,1,2,0,0,1,2,0,0,1,2,0,0,1,2,0,0,1,2,0,1,2,3,0,1,2,3,0,1,2,3,0,1,2,3,0,1,2,3,1,2,3,4,1,2,3,4,1,2,3,4,1,2,3,4,1,2,3,4","[SB,[B,subnn,getStripe],[KB,[subnn,4],[B,I,I]]]",2
180,"0,0,0,0,1,1,1,1,2,2,2,2,3,3,3,3,4,4,4,4,0,0,0,0,0,0,0,0,1,1,1,1,2,2,2,2,3,3,3,3,0,0,0,0,0,0,0,0,0,0,0,0,0,0,0,0,0,0,0,0,0,0,0,0,0,0,0,0,0,0,0,0,0,0,0,0,0,0,0,0,0,0,0,0,0,0,0,0,0,0,0,0,0,0,0,0,0,0,0,0","[SB,[B,subnn,getDot],[SK,[B,mulnn,getStripe],getStripe]]",1
181,"0,0,0,0,0,0,0,0,0,0,0,0,0,0,0,0,0,0,0,0,3,3,3,3,2,2,2,2,1,1,1,1,0,0,0,0,0,0,0,0,6,6,6,6,5,5,5,5,4,4,4,4,3,3,3,3,2,2,2,2,9,9,9,9,8,8,8,8,7,7,7,7,6,6,6,6,5,5,5,5,12,12,12,12,11,11,11,11,10,10,10,10,9,9,9,9,8,8,8,8","[SC,[BB,subnn,[BK,[mulnn,3],getStripe]],getDot]",2
182,"0,0,0,0,0,0,0,0,0,0,0,0,0,0,0,0,0,0,0,0,1,1,1,1,1,1,1,1,1,1,1,1,1,1,1,1,1,1,1,1,0,0,0,0,0,0,0,0,0,0,0,0,0,0,0,0,0,0,0,0,0,0,0,0,0,0,0,0,0,0,0,0,0,0,0,0,0,0,0,0,0,0,0,0,0,0,0,0,0,0,0,0,0,0,0,0,0,0,0,0","[SB,[B,mulnn,getStripe],[BK,[subnn,2],getStripe]]",2
183,"0,0,0,0,1,1,1,1,2,2,2,2,3,3,3,3,4,4,4,4,0,0,0,0,0,0,0,0,0,0,0,0,0,0,0,0,1,1,1,1,0,0,0,0,0,0,0,0,0,0,0,0,0,0,0,0,0,0,0,0,0,0,0,0,0,0,0,0,0,0,0,0,0,0,0,0,0,0,0,0,0,0,0,0,0,0,0,0,0,0,0,0,0,0,0,0,0,0,0,0","[SB,[B,subnn,getDot],[BK,[mulnn,3],getStripe]]",1
184,"0,0,0,0,1,1,1,1,4,4,4,4,9,9,9,9,16,16,16,16,0,0,0,0,2,2,2,2,6,6,6,6,12,12,12,12,16,16,16,16,0,0,0,0,3,3,3,3,8,8,8,8,15,15,15,15,16,16,16,16,0,0,0,0,4,4,4,4,10,10,10,10,16,16,16,16,16,16,16,16,0,0,0,0,5,5,5,5,12,12,12,12,16,16,16,16,16,16,16,16","[SB,[B,mulnn,getDot],[SK,[B,addnn,getStripe],getDot]]",5
185,"0,0,0,0,0,0,0,0,0,0,0,0,0,0,0,0,0,0,0,0,6,6,6,6,4,4,4,4,2,2,2,2,0,0,0,0,0,0,0,0,12,12,12,12,8,8,8,8,4,4,4,4,0,0,0,0,0,0,0,0,16,16,16,16,12,12,12,12,6,6,6,6,0,0,0,0,0,0,0,0,16,16,16,16,16,16,16,16,8,8,8,8,0,0,0,0,0,0,0,0","[SS,[BB,mulnn,[BK,[subnn,3],getDot]],[BK,[mulnn,2],getStripe]]",4
186,"0,0,0,0,0,0,0,0,0,0,0,0,0,0,0,0,0,0,0,0,0,0,0,0,0,0,0,0,1,1,1,1,2,2,2,2,3,3,3,3,0,0,0,0,0,0,0,0,0,0,0,0,2,2,2,2,4,4,4,4,0,0,0,0,0,0,0,0,0,0,0,0,0,0,0,0,3,3,3,3,0,0,0,0,0,0,0,0,0,0,0,0,0,0,0,0,0,0,0,0","[SB,[B,mulnn,getStripe],[SK,[B,subnn,getDot],getStripe]]",2
187,"0,0,0,0,1,1,1,1,2,2,2,2,3,3,3,3,4,4,4,4,0,0,0,0,0,0,0,0,0,0,0,0,0,0,0,0,0,0,0,0,0,0,0,0,0,0,0,0,0,0,0,0,0,0,0,0,0,0,0,0,0,0,0,0,0,0,0,0,0,0,0,0,0,0,0,0,0,0,0,0,0,0,0,0,0,0,0,0,0,0,0,0,0,0,0,0,0,0,0,0","[SB,[B,mulnn,getDot],[SK,[K,subnn,1],getStripe]]",4
188,"0,0,0,0,0,0,0,0,0,0,0,0,0,0,0,0,0,0,0,0,0,0,0,0,0,0,0,0,0,0,0,0,0,0,0,0,0,0,0,0,3,3,3,3,3,3,3,3,3,3,3,3,3,3,3,3,3,3,3,3,8,8,8,8,8,8,8,8,8,8,8,8,8,8,8,8,8,8,8,8,15,15,15,15,15,15,15,15,15,15,15,15,15,15,15,15,15,15,15,15","[CC,[BB,subnn,[SK,[B,mulnn,getStripe],getStripe]],1]",1
189,"3,3,3,3,4,4,4,4,3,3,3,3,0,0,0,0,0,0,0,0,3,3,3,3,4,4,4,4,3,3,3,3,0,0,0,0,0,0,0,0,3,3,3,3,4,4,4,4,3,3,3,3,0,0,0,0,0,0,0,0,3,3,3,3,4,4,4,4,3,3,3,3,0,0,0,0,0,0,0,0,3,3,3,3,4,4,4,4,3,3,3,3,0,0,0,0,0,0,0,0","[SS,[BB,mulnn,[BK,[addnn,1],getDot]],[SK,[K,subnn,3],getDot]]",2
190,"0,0,0,0,2,2,2,2,4,4,4,4,6,6,6,6,8,8,8,8,1,2,3,4,3,4,5,6,5,6,7,8,7,8,9,10,9,10,11,12,2,4,6,8,4,6,8,10,6,8,10,12,8,10,12,14,10,12,14,16,3,6,9,12,5,8,11,14,7,10,13,16,9,12,15,16,11,14,16,16,4,8,12,16,6,10,14,16,8,12,16,16,10,14,16,16,12,16,16,16","[SC,[BB,addnn,[SC,[BB,addnn,[BC,[B,mulnn,[B,I,I]],getStripe]],getDot]],getDot]",1
191,"3,12,16,16,3,12,16,16,3,12,16,16,3,12,16,16,3,12,16,16,3,12,16,16,3,12,16,16,3,12,16,16,3,12,16,16,3,12,16,16,3,12,16,16,3,12,16,16,3,12,16,16,3,12,16,16,3,12,16,16,3,12,16,16,3,12,16,16,3,12,16,16,3,12,16,16,3,12,16,16,3,12,16,16,3,12,16,16,3,12,16,16,3,12,16,16,3,12,16,16","[BB,[mulnn,3],[KS,[B,mulnn,[B,I,I]],[B,I,I]]]",3
192,"3,6,11,16,3,6,11,16,3,6,11,16,3,6,11,16,3,6,11,16,3,6,11,16,3,6,11,16,3,6,11,16,3,6,11,16,3,6,11,16,3,6,11,16,3,6,11,16,3,6,11,16,3,6,11,16,3,6,11,16,3,6,11,16,3,6,11,16,3,6,11,16,3,6,11,16,3,6,11,16,3,6,11,16,3,6,11,16,3,6,11,16,3,6,11,16,3,6,11,16","[SB,[K,addnn,2],[KS,[B,mulnn,[B,I,I]],[B,I,I]]]",1
193,"3,0,0,0,3,0,0,0,3,0,0,0,3,0,0,0,3,0,0,0,3,0,0,0,3,0,0,0,3,0,0,0,3,0,0,0,3,0,0,0,3,0,0,0,3,0,0,0,3,0,0,0,3,0,0,0,3,0,0,0,3,0,0,0,3,0,0,0,3,0,0,0,3,0,0,0,3,0,0,0,3,0,0,0,3,0,0,0,3,0,0,0,3,0,0,0,3,0,0,0","[BB,[subnn,4],[KS,[B,mulnn,[B,I,I]],[B,I,I]]]",1
194,"4,4,4,4,5,5,5,5,6,6,6,6,7,7,7,7,8,8,8,8,3,3,3,3,4,4,4,4,5,5,5,5,6,6,6,6,7,7,7,7,2,2,2,2,3,3,3,3,4,4,4,4,5,5,5,5,6,6,6,6,1,1,1,1,2,2,2,2,3,3,3,3,4,4,4,4,5,5,5,5,0,0,0,0,1,1,1,1,2,2,2,2,3,3,3,3,4,4,4,4","[BB,[subnn,4],[SK,[B,subnn,getStripe],getDot]]",4
195,"4,4,4,4,6,6,6,6,8,8,8,8,10,10,10,10,12,12,12,12,4,4,4,4,6,6,6,6,8,8,8,8,10,10,10,10,12,12,12,12,4,4,4,4,6,6,6,6,8,8,8,8,10,10,10,10,12,12,12,12,4,4,4,4,6,6,6,6,8,8,8,8,10,10,10,10,12,12,12,12,4,4,4,4,6,6,6,6,8,8,8,8,10,10,10,10,12,12,12,12","[SS,[BK,addnn,getDot],[BK,[addnn,4],getDot]]",1
196,"2,4,6,8,1,3,5,7,0,2,4,6,0,1,3,5,0,0,2,4,2,4,6,8,1,3,5,7,0,2,4,6,0,1,3,5,0,0,2,4,2,4,6,8,1,3,5,7,0,2,4,6,0,1,3,5,0,0,2,4,2,4,6,8,1,3,5,7,0,2,4,6,0,1,3,5,0,0,2,4,2,4,6,8,1,3,5,7,0,2,4,6,0,1,3,5,0,0,2,4","[SS,[KB,addnn,[B,I,I]],[BC,[B,subnn,[B,I,I]],getDot]]",1
197,"0,0,0,0,0,0,0,0,0,0,0,0,0,0,0,0,0,0,0,0,1,2,3,4,1,2,3,4,1,2,3,4,1,2,3,4,1,2,3,4,8,16,16,16,8,16,16,16,8,16,16,16,8,16,16,16,8,16,16,16,16,16,16,16,16,16,16,16,16,16,16,16,16,16,16,16,16,16,16,16,16,16,16,16,16,16,16,16,16,16,16,16,16,16,16,16,16,16,16,16","[SS,[BB,mulnn,[CB,[B,mulnn,getStripe],[B,I,I]]],[SK,[B,mulnn,getStripe],getStripe]]",2
198,"0,0,0,0,0,0,0,0,0,0,0,0,0,0,0,0,0,0,0,0,2,2,2,2,0,0,0,0,0,0,0,0,0,0,0,0,0,0,0,0,4,4,4,4,2,2,2,2,0,0,0,0,0,0,0,0,0,0,0,0,6,6,6,6,4,4,4,4,2,2,2,2,0,0,0,0,0,0,0,0,8,8,8,8,6,6,6,6,4,4,4,4,2,2,2,2,0,0,0,0","[BS,[K,mulnn,2],[SK,[B,subnn,getStripe],getDot]]",1
199,"0,0,0,0,0,0,0,0,0,0,0,0,0,0,0,0,0,0,0,0,3,3,3,3,0,0,0,0,0,0,0,0,0,0,0,0,0,0,0,0,6,6,6,6,3,3,3,3,0,0,0,0,0,0,0,0,0,0,0,0,9,9,9,9,6,6,6,6,3,3,3,3,0,0,0,0,0,0,0,0,12,12,12,12,9,9,9,9,6,6,6,6,3,3,3,3,0,0,0,0","[BS,[K,mulnn,3],[SK,[B,subnn,getStripe],getDot]]",1
200,"0,0,0,0,0,0,0,0,0,0,0,0,0,0,0,0,0,0,0,0,3,3,3,3,3,3,3,3,3,3,3,3,3,3,3,3,3,3,3,3,4,4,4,4,4,4,4,4,4,4,4,4,4,4,4,4,4,4,4,4,3,3,3,3,3,3,3,3,3,3,3,3,3,3,3,3,3,3,3,3,0,0,0,0,0,0,0,0,0,0,0,0,0,0,0,0,0,0,0,0","[SB,[B,mulnn,getStripe],[BK,[subnn,4],getStripe]]",4
201,"3,2,1,0,2,1,0,0,1,0,0,0,0,0,0,0,0,0,0,0,3,2,1,0,2,1,0,0,1,0,0,0,0,0,0,0,0,0,0,0,3,2,1,0,2,1,0,0,1,0,0,0,0,0,0,0,0,0,0,0,3,2,1,0,2,1,0,0,1,0,0,0,0,0,0,0,0,0,0,0,3,2,1,0,2,1,0,0,1,0,0,0,0,0,0,0,0,0,0,0","[CS,[BB,subnn,[SK,[K,subnn,4],getDot]],[B,I,I]]",1
202,"4,8,12,16,4,8,12,16,4,8,12,16,4,8,12,16,4,8,12,16,3,6,9,12,3,6,9,12,3,6,9,12,3,6,9,12,3,6,9,12,2,4,6,8,2,4,6,8,2,4,6,8,2,4,6,8,2,4,6,8,1,2,3,4,1,2,3,4,1,2,3,4,1,2,3,4,1,2,3,4,0,0,0,0,0,0,0,0,0,0,0,0,0,0,0,0,0,0,0,0","[SS,[BB,mulnn,[KB,I,I]],[BK,[subnn,4],getStripe]]",2
203,"16,16,16,16,16,16,16,16,16,16,16,16,16,16,16,16,16,16,16,16,9,9,9,9,9,9,9,9,9,9,9,9,9,9,9,9,9,9,9,9,4,4,4,4,4,4,4,4,4,4,4,4,4,4,4,4,4,4,4,4,1,1,1,1,1,1,1,1,1,1,1,1,1,1,1,1,1,1,1,1,0,0,0,0,0,0,0,0,0,0,0,0,0,0,0,0,0,0,0,0","[SS,[BB,mulnn,[BK,[subnn,4],getStripe]],[BK,[subnn,4],getStripe]]",1
204,"2,2,0,0,2,2,0,0,2,2,0,0,2,2,0,0,2,2,0,0,2,2,0,0,2,2,0,0,2,2,0,0,2,2,0,0,2,2,0,0,2,2,0,0,2,2,0,0,2,2,0,0,2,2,0,0,2,2,0,0,2,2,0,0,2,2,0,0,2,2,0,0,2,2,0,0,2,2,0,0,2,2,0,0,2,2,0,0,2,2,0,0,2,2,0,0,2,2,0,0","[BS,[B,mulnn,[B,I,I]],[KB,[subnn,3],[B,I,I]]]",5
205,"5,4,3,2,4,3,2,1,3,2,1,0,2,1,0,0,1,0,0,0,5,4,3,2,4,3,2,1,3,2,1,0,2,1,0,0,1,0,0,0,5,4,3,2,4,3,2,1,3,2,1,0,2,1,0,0,1,0,0,0,5,4,3,2,4,3,2,1,3,2,1,0,2,1,0,0,1,0,0,0,5,4,3,2,4,3,2,1,3,2,1,0,2,1,0,0,1,0,0,0","[SS,[BB,addnn,[CB,[K,subnn,3],[B,I,I]]],[BK,[subnn,3],getDot]]",20
206,"0,0,0,0,1,1,1,1,2,2,2,2,3,3,3,3,4,4,4,4,0,0,0,0,1,1,1,1,2,2,2,2,3,3,3,3,4,4,4,4,0,0,0,0,1,1,1,1,2,2,2,2,3,3,3,3,4,4,4,4,0,0,0,0,1,1,1,1,2,2,2,2,3,3,3,3,4,4,4,4,0,0,0,0,1,1,1,1,2,2,2,2,3,3,3,3,4,4,4,4","[BK,getDot,I]",563
207,"0,0,0,0,0,0,0,0,0,0,0,0,0,0,0,0,0,0,0,0,0,0,0,0,0,0,0,0,0,0,0,0,0,0,0,0,0,0,0,0,1,0,0,0,1,0,0,0,1,0,0,0,1,0,0,0,1,0,0,0,2,1,0,0,2,1,0,0,2,1,0,0,2,1,0,0,2,1,0,0,3,2,1,0,3,2,1,0,3,2,1,0,3,2,1,0,3,2,1,0","[CB,[B,subnn,getStripe],[B,I,I]]",52
208,"2,3,4,5,2,3,4,5,2,3,4,5,2,3,4,5,2,3,4,5,2,3,4,5,2,3,4,5,2,3,4,5,2,3,4,5,2,3,4,5,2,3,4,5,2,3,4,5,2,3,4,5,2,3,4,5,2,3,4,5,2,3,4,5,2,3,4,5,2,3,4,5,2,3,4,5,2,3,4,5,2,3,4,5,2,3,4,5,2,3,4,5,2,3,4,5,2,3,4,5","[KB,[addnn,1],[B,I,I]]",163
209,"5,5,5,5,5,5,5,5,5,5,5,5,5,5,5,5,5,5,5,5,4,4,4,4,4,4,4,4,4,4,4,4,4,4,4,4,4,4,4,4,3,3,3,3,3,3,3,3,3,3,3,3,3,3,3,3,3,3,3,3,2,2,2,2,2,2,2,2,2,2,2,2,2,2,2,2,2,2,2,2,1,1,1,1,1,1,1,1,1,1,1,1,1,1,1,1,1,1,1,1","[BB,[addnn,1],[BK,[subnn,4],getStripe]]",13
210,"0,0,0,0,0,0,0,0,0,0,0,0,0,0,0,0,0,0,0,0,1,2,3,4,0,0,0,0,0,0,0,0,0,0,0,0,0,0,0,0,2,4,6,8,1,2,3,4,0,0,0,0,0,0,0,0,0,0,0,0,3,6,9,12,2,4,6,8,1,2,3,4,0,0,0,0,0,0,0,0,4,8,12,16,3,6,9,12,2,4,6,8,1,2,3,4,0,0,0,0","[BS,[B,mulnn,[B,I,I]],[SK,[B,subnn,getStripe],getDot]]",1
211,"1,1,1,1,1,1,1,1,1,1,1,1,1,1,1,1,1,1,1,1,0,0,0,0,0,0,0,0,0,0,0,0,0,0,0,0,0,0,0,0,1,1,1,1,1,1,1,1,1,1,1,1,1,1,1,1,1,1,1,1,4,4,4,4,4,4,4,4,4,4,4,4,4,4,4,4,4,4,4,4,9,9,9,9,9,9,9,9,9,9,9,9,9,9,9,9,9,9,9,9","[SS,[BB,mulnn,[BC,[K,subnn,1],getStripe]],[BC,[K,subnn,1],getStripe]]",1
212,"1,2,3,4,2,4,6,8,3,6,9,12,4,8,12,16,5,10,15,16,1,2,3,4,2,4,6,8,3,6,9,12,4,8,12,16,5,10,15,16,1,2,3,4,2,4,6,8,3,6,9,12,4,8,12,16,5,10,15,16,1,2,3,4,2,4,6,8,3,6,9,12,4,8,12,16,5,10,15,16,1,2,3,4,2,4,6,8,3,6,9,12,4,8,12,16,5,10,15,16","[BS,[B,mulnn,[B,I,I]],[BK,[addnn,1],getDot]]",4
213,"0,0,0,2,0,0,0,2,0,0,0,2,0,0,0,2,0,0,0,2,0,0,0,2,0,0,0,2,0,0,0,2,0,0,0,2,0,0,0,2,0,0,0,2,0,0,0,2,0,0,0,2,0,0,0,2,0,0,0,2,0,0,0,2,0,0,0,2,0,0,0,2,0,0,0,2,0,0,0,2,0,0,0,2,0,0,0,2,0,0,0,2,0,0,0,2,0,0,0,2","[BS,[K,mulnn,2],[KC,[B,subnn,[B,I,I]],3]]",1
214,"0,0,0,3,0,0,0,3,0,0,0,3,0,0,0,3,0,0,0,3,0,0,0,3,0,0,0,3,0,0,0,3,0,0,0,3,0,0,0,3,0,0,0,3,0,0,0,3,0,0,0,3,0,0,0,3,0,0,0,3,0,0,0,3,0,0,0,3,0,0,0,3,0,0,0,3,0,0,0,3,0,0,0,3,0,0,0,3,0,0,0,3,0,0,0,3,0,0,0,3","[BS,[K,mulnn,3],[KC,[B,subnn,[B,I,I]],3]]",1
215,"0,0,0,4,0,0,0,4,0,0,0,4,0,0,0,4,0,0,0,4,0,0,0,4,0,0,0,4,0,0,0,4,0,0,0,4,0,0,0,4,0,0,0,4,0,0,0,4,0,0,0,4,0,0,0,4,0,0,0,4,0,0,0,4,0,0,0,4,0,0,0,4,0,0,0,4,0,0,0,4,0,0,0,4,0,0,0,4,0,0,0,4,0,0,0,4,0,0,0,4","[BS,[K,mulnn,4],[KC,[B,subnn,[B,I,I]],3]]",1
